<?xml version="1.0" encoding="UTF-8"?>
<MOODLE_BACKUP>
  <INFO>
    <NAME>backup-my_tools-20090408-2325.zip</NAME>
    <MOODLE_VERSION>2007101540</MOODLE_VERSION>
    <MOODLE_RELEASE>1.9.4+ (Build: 20090210)</MOODLE_RELEASE>
    <BACKUP_VERSION>2008030301</BACKUP_VERSION>
    <BACKUP_RELEASE>1.9.4</BACKUP_RELEASE>
    <DATE>1239251144</DATE>
    <ORIGINAL_WWWROOT>http://intel-tao-demo.catalystdemo.net.nz</ORIGINAL_WWWROOT>
    <ORIGINAL_SITE_IDENTIFIER_HASH>55a77fed04b9de85d19575c929b99dd2</ORIGINAL_SITE_IDENTIFIER_HASH>
    <ZIP_METHOD>internal</ZIP_METHOD>
    <DETAILS>
      <METACOURSE>false</METACOURSE>
      <USERS>none</USERS>
      <LOGS>false</LOGS>
      <USERFILES>false</USERFILES>
      <COURSEFILES>true</COURSEFILES>
      <SITEFILES>true</SITEFILES>
      <GRADEBOOKHISTORIES>false</GRADEBOOKHISTORIES>
      <MESSAGES>false</MESSAGES>
      <BLOGS>false</BLOGS>
      <BLOCKFORMAT>instances</BLOCKFORMAT>
    </DETAILS>
  </INFO>
  <ROLES>
  </ROLES>
  <COURSE>
    <HEADER>
      <ID>11</ID>
      <CATEGORY>
        <ID>7</ID>
        <NAME>My Sections</NAME>
      </CATEGORY>
      <PASSWORD></PASSWORD>
      <FULLNAME>My Tools</FULLNAME>
      <SHORTNAME>My Tools</SHORTNAME>
      <IDNUMBER></IDNUMBER>
      <SUMMARY></SUMMARY>
      <FORMAT>summary</FORMAT>
      <SHOWGRADES>1</SHOWGRADES>
      <NEWSITEMS>5</NEWSITEMS>
      <TEACHER>Teacher</TEACHER>
      <TEACHERS>Teachers</TEACHERS>
      <STUDENT>Student</STUDENT>
      <STUDENTS>Students</STUDENTS>
      <GUEST>1</GUEST>
      <STARTDATE>1228802400</STARTDATE>
      <NUMSECTIONS>10</NUMSECTIONS>
      <MAXBYTES>67108864</MAXBYTES>
      <SHOWREPORTS>0</SHOWREPORTS>
      <GROUPMODE>0</GROUPMODE>
      <GROUPMODEFORCE>0</GROUPMODEFORCE>
      <DEFAULTGROUPINGID>0</DEFAULTGROUPINGID>
      <LANG></LANG>
      <THEME></THEME>
      <COST></COST>
      <CURRENCY>USD</CURRENCY>
      <MARKER>0</MARKER>
      <VISIBLE>1</VISIBLE>
      <HIDDENSECTIONS>0</HIDDENSECTIONS>
      <TIMECREATED>1228788667</TIMECREATED>
      <TIMEMODIFIED>1228835978</TIMEMODIFIED>
      <METACOURSE>0</METACOURSE>
      <EXPIRENOTIFY>0</EXPIRENOTIFY>
      <NOTIFYSTUDENTS>0</NOTIFYSTUDENTS>
      <EXPIRYTHRESHOLD>864000</EXPIRYTHRESHOLD>
      <ENROLLABLE>1</ENROLLABLE>
      <ENROLSTARTDATE>0</ENROLSTARTDATE>
      <ENROLENDDATE>0</ENROLENDDATE>
      <ENROLPERIOD>0</ENROLPERIOD>
      <ROLES_OVERRIDES>
      </ROLES_OVERRIDES>
      <ROLES_ASSIGNMENTS>
      </ROLES_ASSIGNMENTS>
    </HEADER>
    <LOCAL>
    </LOCAL>
    <BLOCKS>
      <BLOCK>
        <ID>210</ID>
        <NAME>admin</NAME>
        <PAGEID>11</PAGEID>
        <PAGETYPE>course-view</PAGETYPE>
        <POSITION>l</POSITION>
        <WEIGHT>0</WEIGHT>
        <VISIBLE>1</VISIBLE>
        <CONFIGDATA>Tjs=</CONFIGDATA>
        <ROLES_OVERRIDES>
        </ROLES_OVERRIDES>
        <ROLES_ASSIGNMENTS>
        </ROLES_ASSIGNMENTS>
      </BLOCK>
    </BLOCKS>
    <SECTIONS>
      <SECTION>
        <ID>63</ID>
        <NUMBER>0</NUMBER>
        <SUMMARY>
&lt;table width=&quot;573&quot; cellspacing=&quot;0&quot; cellpadding=&quot;0&quot; border=&quot;0&quot;&gt;&lt;tbody&gt;
  &lt;tr&gt;
    &lt;td width=&quot;100%&quot; valign=&quot;top&quot; align=&quot;left&quot;&gt;&lt;img border=&quot;0&quot; src=&quot;http://aoc.ssatrust.org.uk/images/tool/downloadfree.jpg&quot; /&gt;&lt;br /&gt;
      &lt;table width=&quot;95%&quot; align=&quot;center&quot;&gt;&lt;tbody&gt;
        &lt;tr&gt;
          &lt;td width=&quot;50%&quot; valign=&quot;top&quot;&gt;&lt;br /&gt;&lt;a target=&quot;_blank&quot; href=&quot;http://freemind.sourceforge.net/wiki/index.php/Main_Page&quot; title=&quot;FreeMind is a premier free mind-mapping (http://en.wikipedia.org/wiki/Mind_map) software (written in Java) - a high productivity visualisation tool.&quot;&gt;Freemind ›&lt;/a&gt;&lt;br /&gt;FreeMind is a premier free mind-mapping software (written in Java) - a high productivity visualisation tool.
          &lt;/td&gt;
          &lt;td width=&quot;50%&quot; valign=&quot;top&quot;&gt;&lt;br /&gt;&lt;a target=&quot;_blank&quot; href=&quot;http://www.skype.com/intl/en-gb/&quot; title=&quot;We all love something for nothing. Get Skypes free software - it works seamlessly with your internet connection - and you will be chatting away with free Skype to Skype calls in no time. Share the love and get your friends to download Skype so you can talk, chat or make video calls for nothing. You can also make local, long distance and international calls to phones and mobiles at nice, cheap rates as well.&quot;&gt;Skype ›&lt;/a&gt;&lt;br /&gt;Skype is jam-packed with great features to help you stay in touch with friends, family and colleagues, share your thoughts and views and find the information you need.
          &lt;/td&gt;
        &lt;/tr&gt;
        &lt;tr&gt;
          &lt;td width=&quot;50%&quot; valign=&quot;top&quot;&gt;&lt;br /&gt;&lt;a target=&quot;_blank&quot; href=&quot;http://www.microsoft.com/windowsxp/downloads/updates/moviemaker2.mspx&quot; title=&quot;Windows Movie Maker 2.1 makes home movies amazingly fun. With Movie Maker 2.1, you can create, edit, and share your home movies right on your computer. Build your movie with a few simple drag-and-drops. Delete bad shots and include only the best scenes. Then share your movie via the Web, e-mail, or CD. Using third-party software you can even take movies you've made and turn them into DVDs. You can also save your movie back to the video tape in your camera to play back on a TV or on the camera itself.&quot;&gt;Movie Maker ›&lt;/a&gt;&lt;br /&gt;With Movie Maker 2.1, you can create, edit, and share your home movies right on your computer.
          &lt;/td&gt;
          &lt;td width=&quot;50%&quot; valign=&quot;top&quot;&gt;&lt;br /&gt;&lt;a target=&quot;_blank&quot; href=&quot;http://www.microsoft.com/windowsxp/using/digitalphotography/photostory/default.mspx&quot; title=&quot;Bring your digital photos to life with Photostory.&quot;&gt;Photostory ›&lt;/a&gt;&lt;br /&gt;Bring your digital photos to life with Photostory.
          &lt;/td&gt;
        &lt;/tr&gt;
        &lt;tr&gt;
          &lt;td width=&quot;50%&quot; valign=&quot;top&quot;&gt;&lt;br /&gt;&lt;a target=&quot;_blank&quot; href=&quot;http://audacity.sourceforge.net/&quot; title=&quot;Audacity is free, open source software for recording and editing sounds. It is available for Mac OS X, Microsoft Windows, GNU/Linux, and other operating systems.&quot;&gt;Audacity ›&lt;/a&gt;&lt;br /&gt;Audacity is free, open source software for recording and editing sounds. It is available for Mac OS X, Microsoft Windows, GNU/Linux, and other operating systems.
          &lt;/td&gt;
          &lt;td width=&quot;50%&quot; valign=&quot;top&quot;&gt;&lt;br /&gt;&lt;a target=&quot;_blank&quot; href=&quot;http://download.earth.googlepages.com/&quot; title=&quot;What is Google Earth, you ask? Google Earth is a program developed by Google. It uses satellite imagery, maps and layer upon layer of other information to allow you to see the entire world, the countries, states, cities, streets, coffee shops, local points of interest, geographic information, 3D buildings and even more...right from your computer desk!&quot;&gt;Google Earth ›&lt;/a&gt;&lt;br /&gt;Google Earth is a program developed by Google. It uses satellite imagery and maps to create an interactive resource.
          &lt;/td&gt;
        &lt;/tr&gt;
        &lt;tr&gt;
          &lt;td width=&quot;50%&quot; valign=&quot;top&quot;&gt;&lt;br /&gt;&lt;a target=&quot;_blank&quot; href=&quot;http://www.maps.live.com/&quot; title=&quot;Live search is an interactive mapping tool that allows you to locate places, view as an ariel image and find diections to and from it.&quot;&gt;MSN Live Maps ›&lt;/a&gt;&lt;br /&gt;Live search is an interactive mapping tool that allows you to locate places, view as an ariel image and find diections to and from it.
          &lt;/td&gt;
          &lt;td width=&quot;50%&quot; valign=&quot;top&quot;&gt;&lt;br /&gt;&lt;a target=&quot;_blank&quot; href=&quot;http://hotpot.uvic.ca/&quot; title=&quot;The Hot Potatoes suite includes six applications, enabling you to create interactive multiple-choice, short-answer, jumbled-sentence, crossword, matching/ordering and gap-fill exercises for the World Wide Web.&quot;&gt;Hot Potatoes ›&lt;/a&gt;&lt;br /&gt;The Hot Potatoes suite includes six applications allowing you to create exercises for the World Wide Web.
          &lt;/td&gt;
        &lt;/tr&gt;
        &lt;tr&gt;
          &lt;td width=&quot;50%&quot; valign=&quot;top&quot;&gt;&lt;br /&gt;&lt;a target=&quot;_blank&quot; href=&quot;http://www.mediawiki.org/wiki/MediaWiki&quot; title=&quot;A free software wiki package originally written for Wikipedia. It is now used by several other projects of the non-profit Wikimedia Foundation and by many other wikis, including those on AOC.&quot;&gt;MediaWiki ›&lt;/a&gt;&lt;br /&gt;MediaWiki is a free software wiki package originally written for Wikipedia. It is now used by several other projects.
          &lt;/td&gt;
          &lt;td width=&quot;50%&quot; valign=&quot;top&quot;&gt;&lt;br /&gt;&lt;a target=&quot;_blank&quot; href=&quot;http://picasa.google.co.uk/#utm_campaign=en&amp;utm_source=en-ha-emea-uk-google&amp;utm_medium=ha&amp;utm_term=image%20editor&quot; title=&quot;Picasa is a free software download from Google that helps you Locate and organise all the photos on your computer. You can also edit and add effects to your photos with a few simple clicks, share your photos with others through email, prints and on the web. &quot;&gt;Picasa ›&lt;/a&gt;&lt;br /&gt;Picasa is a free software download from Google that helps you Locate and organise all the photos on your computer.
          &lt;/td&gt;
        &lt;/tr&gt;
        &lt;tr&gt;
          &lt;td width=&quot;50%&quot; valign=&quot;top&quot;&gt;&lt;br /&gt;&lt;a target=&quot;_blank&quot; href=&quot;http://plasq.com/skitch&quot; title=&quot;Skitch is a fun versatile drawing tool that allows you to create images from anything on your computers desktop. You have to apply for an invite to become a user, but its worth the wait %Gâ€“%@ creating fun images is easy and very straightforward!&quot;&gt;Skitch ›&lt;/a&gt;&lt;br /&gt;Skitch is a fun versatile drawing tool that allows you to create images from anything on your computers desktop.
          &lt;/td&gt;
        &lt;/tr&gt;&lt;/tbody&gt;
      &lt;/table&gt;
    &lt;/td&gt;
  &lt;/tr&gt;&lt;/tbody&gt;
&lt;/table&gt;
&lt;div&gt;&lt;/div&gt;
&lt;h2 class=&quot;v3h3nohr&quot;&gt;&lt;/h2&gt;
&lt;div class=&quot;v3column3&quot;&gt;
  &lt;div class=&quot;clearer v3listdiv&quot;&gt;&lt;/div&gt;&lt;img width=&quot;1&quot; height=&quot;5&quot; border=&quot;0&quot; src=&quot;http://aoc.ssatrust.org.uk/images/spacer.gif&quot; /&gt;&lt;br /&gt;
  &lt;div class=&quot;pad16pxBottom&quot;&gt;
    &lt;table width=&quot;573&quot; cellspacing=&quot;0&quot; cellpadding=&quot;0&quot; border=&quot;0&quot;&gt;&lt;tbody&gt;
      &lt;tr&gt;
        &lt;td width=&quot;100%&quot; valign=&quot;top&quot; align=&quot;left&quot;&gt;&lt;img border=&quot;0&quot; src=&quot;http://aoc.ssatrust.org.uk/images/tool/onlinefree.jpg&quot; /&gt;&lt;br /&gt;
          &lt;table width=&quot;95%&quot; align=&quot;center&quot;&gt;&lt;tbody&gt;
            &lt;tr&gt;
              &lt;td width=&quot;50%&quot; valign=&quot;top&quot;&gt;&lt;br /&gt;&lt;a target=&quot;_blank&quot; href=&quot;http://docs.google.com/&quot; title=&quot;GoogleDocs allows you to create and share documents and spreadsheets online.&quot;&gt;GoogleDocs ›&lt;/a&gt;&lt;br /&gt;GoogleDocs allows you to create and share documents and spreadsheets online.
              &lt;/td&gt;
              &lt;td width=&quot;50%&quot; valign=&quot;top&quot;&gt;&lt;br /&gt;&lt;a target=&quot;_blank&quot; href=&quot;http://wizard.4teachers.org/&quot; title=&quot;Web Worksheet Wizard and Project Poster have combined to make Web Poster Wizard. This FREE tool allows educators to create a lesson, worksheet, or class page and immediately publish it online. Teachers can also set up classes and assign projects to students. Students complete the assignments by creating their own online projects or reports. Teachers and students can even add images and links to their pages. &quot;&gt;Web Worksheet Wizard ›&lt;/a&gt;&lt;br /&gt;This free tool allows educators to create a lesson, worksheet, or class page and immediately publish it online.
              &lt;/td&gt;
            &lt;/tr&gt;
            &lt;tr&gt;
              &lt;td width=&quot;50%&quot; valign=&quot;top&quot;&gt;&lt;br /&gt;&lt;a target=&quot;_blank&quot; href=&quot;http://books.google.com/help/maps/streetview/&quot; title=&quot;Take virtual 3d tour through cities like New York and San Fransico with map overlay and the ability to drive down streets and take a 360 degree look buildings and features.&quot;&gt;Google Streetview ›&lt;/a&gt;&lt;br /&gt;Take virtual 3d tour through cities like New York and San Fransico with map overlay and the ability to drive down streets and take a 360 degree look buildings and features.
              &lt;/td&gt;
              &lt;td width=&quot;50%&quot; valign=&quot;top&quot;&gt;&lt;br /&gt;&lt;a target=&quot;_blank&quot; href=&quot;http://swickihome.eurekster.com/customize.htm&quot; title=&quot;Eurekster Swiki allows you to build a custom search portal, or swiki, around any topic of your choice. Rather than returning millions of results like a generic search engine, swickis learn from the search behavior of a community of enthusiasts and experts, making it easy for you to quickly find what you are looking for within a particular topic.&quot;&gt;SWiki ›&lt;/a&gt;&lt;br /&gt;Eurekster Swiki allows you to build a custom search portal, or swiki, around any topic of your choice.
              &lt;/td&gt;
            &lt;/tr&gt;
            &lt;tr&gt;
              &lt;td width=&quot;50%&quot; valign=&quot;top&quot;&gt;&lt;br /&gt;&lt;a target=&quot;_blank&quot; href=&quot;http://www.wetpaint.com/wiki?r=GGLKWFreeWebsite&amp;gclid=COizpq_HzY8CFSGUEAod9HL2GA&quot; title=&quot;Wetpaint allows you to build fully functioning wikis with multimedia features and added extras like calendars. It has a useful built in video tutorial and shows a progress scale, letting you or your students know how about other features you may still want to add to the wiki.&quot;&gt;Wetpaint ›&lt;/a&gt;&lt;br /&gt;Wetpaint allows you to build fully functioning wikis with multimedia features and added extras like calendars. It has a useful built in video tutorial and shows a progress scale, letting you or your students know how about other features you may still want to add to the wiki.
              &lt;/td&gt;
              &lt;td width=&quot;50%&quot; valign=&quot;top&quot;&gt;&lt;br /&gt;&lt;a target=&quot;_blank&quot; href=&quot;http://www.wikispaces.com/site/for/teachers100K&quot; title=&quot;A free public wiki hosting service with a simple but effective wiki building tool. Wikispaces are also offering a limited number of private free of advertising wikis to schools free of charge.&quot;&gt;Wikispaces ›&lt;/a&gt;&lt;br /&gt;A free public wiki hosting service with a simple but effective wiki building tool.
              &lt;/td&gt;
            &lt;/tr&gt;
            &lt;tr&gt;
              &lt;td width=&quot;50%&quot; valign=&quot;top&quot;&gt;&lt;br /&gt;&lt;a target=&quot;_blank&quot; href=&quot;http://www.wikipedia.org/&quot; title=&quot;Wikipedia is a multilingual, web-based, free content encyclopedia project. The name Wikipedia is a portmanteau of the words wiki (a type of collaborative website) and encyclopedia. Wikipedias articles provide links to guide the user to related pages with additional information.&quot;&gt;Wikipedia ›&lt;/a&gt;&lt;br /&gt;Wikipedia is a multilingual, web-based, free content encyclopedia project.
              &lt;/td&gt;
              &lt;td width=&quot;50%&quot; valign=&quot;top&quot;&gt;&lt;br /&gt;&lt;a target=&quot;_blank&quot; href=&quot;http://encarta.msn.com/&quot; title=&quot;Encarta is the online encyclopedia from MSN.&quot;&gt;Encarta ›&lt;/a&gt;&lt;br /&gt;Encarta is the online encyclopedia from MSN.
              &lt;/td&gt;
            &lt;/tr&gt;
            &lt;tr&gt;
              &lt;td width=&quot;50%&quot; valign=&quot;top&quot;&gt;&lt;br /&gt;&lt;a target=&quot;_blank&quot; href=&quot;http://www.surveymonkey.com/&quot; title=&quot;Intelligent survey software for primates of all species. SurveyMonkey has a single purpose: to enable anyone to create professional online surveys quickly and easily.&quot;&gt;Survey Monkey ›&lt;/a&gt;&lt;br /&gt;The simple way to create surveys.
              &lt;/td&gt;
              &lt;td width=&quot;50%&quot; valign=&quot;top&quot;&gt;&lt;br /&gt;&lt;a target=&quot;_blank&quot; href=&quot;http://www.ourtimelines.com/create_tl_2c.html&quot; title=&quot;This site is a direct outgrowth of genealogical software that is used to create the genealogy pages on one of the most comprehensive family genealogy sites on the net, www.blish.org. &quot;&gt;OurTimeLines.com Timeline Creator ›&lt;/a&gt;&lt;br /&gt;This site is a direct outgrowth of genealogical software that is used to create the genealogy pages on one of the most comprehensive family genealogy sites on the net, www.blish.org.
              &lt;/td&gt;
            &lt;/tr&gt;
            &lt;tr&gt;
              &lt;td width=&quot;50%&quot; valign=&quot;top&quot;&gt;&lt;br /&gt;&lt;a target=&quot;_blank&quot; href=&quot;http://www.powerleague.org.uk/&quot; title=&quot;A fun and easy way to explore any topic&quot;&gt;PowerLeagues ›&lt;/a&gt;&lt;br /&gt;Power League is a versatile resource that lets you ask tough questions, stimulates debate and creates a visual league table based on votes gathered across your group.
              &lt;/td&gt;
              &lt;td width=&quot;50%&quot; valign=&quot;top&quot;&gt;&lt;br /&gt;&lt;a target=&quot;_blank&quot; href=&quot;http://sketchup.google.com/&quot; title=&quot;Developed for the conceptual stages of design, Google SketchUp is a powerful yet easy-to-learn 3D software tool that combines a simple, yet robust tool-set with an intelligent drawing system that streamlines and simplifies 3D design.&quot;&gt;Google Sketchup ›&lt;/a&gt;&lt;br /&gt;Google SketchUp is a powerful yet easy-to-learn 3D software tool that combines a simple, yet robust tool-set with an intelligent drawing system that streamlines and simplifies 3D design.
              &lt;/td&gt;
            &lt;/tr&gt;
            &lt;tr&gt;
              &lt;td width=&quot;50%&quot; valign=&quot;top&quot;&gt;&lt;br /&gt;&lt;a target=&quot;_blank&quot; href=&quot;http://www.zamzar.com/conversionTypes.php&quot; title=&quot;There are now a number of online services that will convert file formats for you (for example from mp3 to wmv. Zamzar supports conversion between a wide variety of different file formats.&quot;&gt;Zamzar ›&lt;/a&gt;&lt;br /&gt;Zamzar supports conversion between a wide variety of different file formats.
              &lt;/td&gt;
              &lt;td width=&quot;50%&quot; valign=&quot;top&quot;&gt;&lt;br /&gt;&lt;a target=&quot;_blank&quot; href=&quot;http://media-convert.com/&quot; title=&quot;Media-Convert is 100% free. No software is needed, and you don't have to register. You only need your favorite Internet browser. Your files are ready 7/7 days 24/24 hours.&quot;&gt;Media Convert ›&lt;/a&gt;&lt;br /&gt;Media-Convert is 100% free. No software is needed, and you don't have to register. You only need your favorite Internet browser. Your files are ready 7/7 days 24/24 hours.
              &lt;/td&gt;
            &lt;/tr&gt;
            &lt;tr&gt;
              &lt;td width=&quot;50%&quot; valign=&quot;top&quot;&gt;&lt;br /&gt;&lt;a target=&quot;_blank&quot; href=&quot;http://pixer.us/&quot; title=&quot;Need a quick fix for that photo? With pixer.us you can edit your photos online using only your browser.&quot;&gt;Pixer.US ›&lt;/a&gt;&lt;br /&gt;Need a quick fix for that photo? With pixer.us you can edit your photos online using only your browser.
              &lt;/td&gt;
              &lt;td width=&quot;50%&quot; valign=&quot;top&quot;&gt;&lt;br /&gt;&lt;a target=&quot;_blank&quot; href=&quot;http://snipshot.com/&quot; title=&quot;Snipshot has a range of tools enabling you to edit and enhance photos online. It also has a neat extension tool that enables you to work straight from your Firefox toolbar.&quot;&gt;Snipshot ›&lt;/a&gt;&lt;br /&gt;Snipshot has a range of tools enabling you to edit and enhance photos online. It also has a neat extension tool that enables you to work straight from your Firefox toolbar.
              &lt;/td&gt;
            &lt;/tr&gt;
            &lt;tr&gt;
              &lt;td width=&quot;50%&quot; valign=&quot;top&quot;&gt;&lt;br /&gt;&lt;a target=&quot;_blank&quot; href=&quot;http://flickr.com/&quot; title=&quot;Flickr is one of the most popular online photo sharing resource and editing tools.&quot;&gt;Flickr ›&lt;/a&gt;&lt;br /&gt;Flickr is one of the most popular online photo sharing resource and editing tools.
              &lt;/td&gt;
            &lt;/tr&gt;&lt;/tbody&gt;
          &lt;/table&gt;
        &lt;/td&gt;
      &lt;/tr&gt;&lt;/tbody&gt;
    &lt;/table&gt;</SUMMARY>
        <VISIBLE>1</VISIBLE>
      </SECTION>
    </SECTIONS>
    <GRADEBOOK>
      <GRADE_CATEGORIES>
        <GRADE_CATEGORY>
          <ID>26</ID>
          <PARENT>$@NULL@$</PARENT>
          <FULLNAME>?</FULLNAME>
          <AGGREGATION>11</AGGREGATION>
          <KEEPHIGH>0</KEEPHIGH>
          <DROPLOW>0</DROPLOW>
          <AGGREGATEONLYGRADED>1</AGGREGATEONLYGRADED>
          <AGGREGATEOUTCOMES>0</AGGREGATEOUTCOMES>
          <AGGREGATESUBCATS>0</AGGREGATESUBCATS>
          <TIMECREATED>1239251183</TIMECREATED>
          <TIMEMODIFIED>1239251183</TIMEMODIFIED>
        </GRADE_CATEGORY>
      </GRADE_CATEGORIES>
      <GRADE_ITEMS>
        <GRADE_ITEM>
          <ID>36</ID>
          <CATEGORYID>$@NULL@$</CATEGORYID>
          <ITEMNAME>$@NULL@$</ITEMNAME>
          <ITEMTYPE>course</ITEMTYPE>
          <ITEMMODULE>$@NULL@$</ITEMMODULE>
          <ITEMINSTANCE>26</ITEMINSTANCE>
          <ITEMNUMBER>$@NULL@$</ITEMNUMBER>
          <ITEMINFO>$@NULL@$</ITEMINFO>
          <IDNUMBER>$@NULL@$</IDNUMBER>
          <CALCULATION>$@NULL@$</CALCULATION>
          <GRADETYPE>1</GRADETYPE>
          <GRADEMAX>100.00000</GRADEMAX>
          <GRADEMIN>0.00000</GRADEMIN>
          <SCALEID>$@NULL@$</SCALEID>
          <OUTCOMEID>$@NULL@$</OUTCOMEID>
          <GRADEPASS>0.00000</GRADEPASS>
          <MULTFACTOR>1.00000</MULTFACTOR>
          <PLUSFACTOR>0.00000</PLUSFACTOR>
          <AGGREGATIONCOEF>0.00000</AGGREGATIONCOEF>
          <DISPLAY>0</DISPLAY>
          <DECIMALS>$@NULL@$</DECIMALS>
          <HIDDEN>0</HIDDEN>
          <LOCKED>0</LOCKED>
          <LOCKTIME>0</LOCKTIME>
          <NEEDSUPDATE>0</NEEDSUPDATE>
          <TIMECREATED>1239251183</TIMECREATED>
          <TIMEMODIFIED>1239251183</TIMEMODIFIED>
        </GRADE_ITEM>
      </GRADE_ITEMS>
    </GRADEBOOK>
    <FORMATDATA>
    </FORMATDATA>
  </COURSE>
</MOODLE_BACKUP>
