<?xml version="1.0" encoding="UTF-8"?>
<MOODLE_BACKUP>
  <INFO>
    <NAME>backup-taodocs2.1-20090727-1743.zip</NAME>
    <MOODLE_VERSION>2007101550</MOODLE_VERSION>
    <MOODLE_RELEASE>1.9.5+ (Build: 20090727)</MOODLE_RELEASE>
    <BACKUP_VERSION>2008030301</BACKUP_VERSION>
    <BACKUP_RELEASE>1.9.4</BACKUP_RELEASE>
    <DATE>1248734595</DATE>
    <ORIGINAL_WWWROOT>http://intel-tao-demo.catalystdemo.net.nz</ORIGINAL_WWWROOT>
    <ORIGINAL_SITE_IDENTIFIER_HASH>59618d783bde97adb23b4e1ef180fa9d</ORIGINAL_SITE_IDENTIFIER_HASH>
    <ZIP_METHOD>internal</ZIP_METHOD>
    <DETAILS>
      <MOD>
        <NAME>forum</NAME>
        <INCLUDED>true</INCLUDED>
        <USERINFO>false</USERINFO>
        <INSTANCES>
          <INSTANCE>
          <ID>25</ID>
          <NAME>News forum</NAME>
          <INCLUDED>true</INCLUDED>
          <USERINFO>false</USERINFO>
          </INSTANCE>
        </INSTANCES>
      </MOD>
      <MOD>
        <NAME>label</NAME>
        <INCLUDED>true</INCLUDED>
        <USERINFO>false</USERINFO>
        <INSTANCES>
          <INSTANCE>
          <ID>19</ID>
          <NAME>The Assignment activity module allows teachers to ...</NAME>
          <INCLUDED>true</INCLUDED>
          <USERINFO>false</USERINFO>
          </INSTANCE>
          <INSTANCE>
          <ID>20</ID>
          <NAME>Hidden Note for Trainer: Ask group to create a Cha...</NAME>
          <INCLUDED>true</INCLUDED>
          <USERINFO>false</USERINFO>
          </INSTANCE>
          <INSTANCE>
          <ID>21</ID>
          <NAME>The Chat module allows participants to have a real...</NAME>
          <INCLUDED>true</INCLUDED>
          <USERINFO>false</USERINFO>
          </INSTANCE>
          <INSTANCE>
          <ID>22</ID>
          <NAME>Hidden Note for Trainer: Request training group to...</NAME>
          <INCLUDED>true</INCLUDED>
          <USERINFO>false</USERINFO>
          </INSTANCE>
          <INSTANCE>
          <ID>23</ID>
          <NAME>The Forum module allows trainers to create asynchr...</NAME>
          <INCLUDED>true</INCLUDED>
          <USERINFO>false</USERINFO>
          </INSTANCE>
        </INSTANCES>
      </MOD>
      <MOD>
        <NAME>resource</NAME>
        <INCLUDED>true</INCLUDED>
        <USERINFO>false</USERINFO>
        <INSTANCES>
          <INSTANCE>
          <ID>42</ID>
          <NAME>Adding or Editing an Assignment</NAME>
          <INCLUDED>true</INCLUDED>
          <USERINFO>false</USERINFO>
          </INSTANCE>
          <INSTANCE>
          <ID>43</ID>
          <NAME>Advanced Uploading of Files</NAME>
          <INCLUDED>true</INCLUDED>
          <USERINFO>false</USERINFO>
          </INSTANCE>
          <INSTANCE>
          <ID>44</ID>
          <NAME>Online Text</NAME>
          <INCLUDED>true</INCLUDED>
          <USERINFO>false</USERINFO>
          </INSTANCE>
          <INSTANCE>
          <ID>45</ID>
          <NAME>Upload a Single File</NAME>
          <INCLUDED>true</INCLUDED>
          <USERINFO>false</USERINFO>
          </INSTANCE>
          <INSTANCE>
          <ID>46</ID>
          <NAME>Offline Activity</NAME>
          <INCLUDED>true</INCLUDED>
          <USERINFO>false</USERINFO>
          </INSTANCE>
          <INSTANCE>
          <ID>47</ID>
          <NAME>Viewing an Assignment</NAME>
          <INCLUDED>true</INCLUDED>
          <USERINFO>false</USERINFO>
          </INSTANCE>
          <INSTANCE>
          <ID>48</ID>
          <NAME>Assignment Submissions</NAME>
          <INCLUDED>true</INCLUDED>
          <USERINFO>false</USERINFO>
          </INSTANCE>
          <INSTANCE>
          <ID>49</ID>
          <NAME>Creating a Chat Session</NAME>
          <INCLUDED>true</INCLUDED>
          <USERINFO>false</USERINFO>
          </INSTANCE>
          <INSTANCE>
          <ID>50</ID>
          <NAME>Using the Chat Module</NAME>
          <INCLUDED>true</INCLUDED>
          <USERINFO>false</USERINFO>
          </INSTANCE>
          <INSTANCE>
          <ID>51</ID>
          <NAME>Creating a Forum</NAME>
          <INCLUDED>true</INCLUDED>
          <USERINFO>false</USERINFO>
          </INSTANCE>
          <INSTANCE>
          <ID>52</ID>
          <NAME>Forum Types</NAME>
          <INCLUDED>true</INCLUDED>
          <USERINFO>false</USERINFO>
          </INSTANCE>
          <INSTANCE>
          <ID>53</ID>
          <NAME>Posting to a Forum</NAME>
          <INCLUDED>true</INCLUDED>
          <USERINFO>false</USERINFO>
          </INSTANCE>
          <INSTANCE>
          <ID>54</ID>
          <NAME>Forum Ratings</NAME>
          <INCLUDED>true</INCLUDED>
          <USERINFO>false</USERINFO>
          </INSTANCE>
          <INSTANCE>
          <ID>55</ID>
          <NAME>Forum Display Options</NAME>
          <INCLUDED>true</INCLUDED>
          <USERINFO>false</USERINFO>
          </INSTANCE>
          <INSTANCE>
          <ID>56</ID>
          <NAME>Forum Subscription</NAME>
          <INCLUDED>true</INCLUDED>
          <USERINFO>false</USERINFO>
          </INSTANCE>
        </INSTANCES>
      </MOD>
      <METACOURSE>false</METACOURSE>
      <USERS>none</USERS>
      <LOGS>false</LOGS>
      <USERFILES>false</USERFILES>
      <COURSEFILES>true</COURSEFILES>
      <SITEFILES>true</SITEFILES>
      <GRADEBOOKHISTORIES>false</GRADEBOOKHISTORIES>
      <MESSAGES>false</MESSAGES>
      <BLOGS>false</BLOGS>
      <BLOCKFORMAT>instances</BLOCKFORMAT>
    </DETAILS>
  </INFO>
  <ROLES>
    <ROLE>
      <ID>9</ID>
      <NAME>Head Teacher</NAME>
      <SHORTNAME>headteacher</SHORTNAME>
      <CONTEXTLEVELS>
        <CONTEXTLEVEL>50</CONTEXTLEVEL>
      </CONTEXTLEVELS>
      <CAPABILITIES>
        <CAPABILITY>
          <NAME>moodle/local:messagebyrole</NAME>
          <PERMISSION>1</PERMISSION>
          <TIMEMODIFIED>1248692405</TIMEMODIFIED>
          <MODIFIERID>2</MODIFIERID>
        </CAPABILITY>
        <CAPABILITY>
          <NAME>moodle/local:canmessagehts</NAME>
          <PERMISSION>1</PERMISSION>
          <TIMEMODIFIED>1248692405</TIMEMODIFIED>
          <MODIFIERID>2</MODIFIERID>
        </CAPABILITY>
      </CAPABILITIES>
    </ROLE>
  </ROLES>
  <COURSE>
    <HEADER>
      <ID>30</ID>
      <CATEGORY>
        <ID>4</ID>
        <NAME>TAO Training Courses</NAME>
      </CATEGORY>
      <PASSWORD></PASSWORD>
      <FULLNAME>Intel Training Documentation Part 2.1</FULLNAME>
      <SHORTNAME>TAODocs2.1</SHORTNAME>
      <IDNUMBER></IDNUMBER>
      <SUMMARY>Intel Teach ­ Advanced Online and Collaborative platform (TAO) Moodle Online Training Documentation Part 2.1 - Basic Course Modules and Blocks</SUMMARY>
      <FORMAT>topics</FORMAT>
      <SHOWGRADES>1</SHOWGRADES>
      <NEWSITEMS>5</NEWSITEMS>
      <TEACHER>Teacher</TEACHER>
      <TEACHERS>Teachers</TEACHERS>
      <STUDENT>Student</STUDENT>
      <STUDENTS>Students</STUDENTS>
      <GUEST>0</GUEST>
      <STARTDATE>1245758400</STARTDATE>
      <NUMSECTIONS>12</NUMSECTIONS>
      <MAXBYTES>314572800</MAXBYTES>
      <SHOWREPORTS>0</SHOWREPORTS>
      <GROUPMODE>0</GROUPMODE>
      <GROUPMODEFORCE>0</GROUPMODEFORCE>
      <DEFAULTGROUPINGID>0</DEFAULTGROUPINGID>
      <LANG></LANG>
      <THEME></THEME>
      <COST></COST>
      <CURRENCY>USD</CURRENCY>
      <MARKER>0</MARKER>
      <VISIBLE>1</VISIBLE>
      <HIDDENSECTIONS>0</HIDDENSECTIONS>
      <TIMECREATED>1245723457</TIMECREATED>
      <TIMEMODIFIED>1245728287</TIMEMODIFIED>
      <METACOURSE>0</METACOURSE>
      <EXPIRENOTIFY>0</EXPIRENOTIFY>
      <NOTIFYSTUDENTS>0</NOTIFYSTUDENTS>
      <EXPIRYTHRESHOLD>864000</EXPIRYTHRESHOLD>
      <ENROLLABLE>0</ENROLLABLE>
      <ENROLSTARTDATE>0</ENROLSTARTDATE>
      <ENROLENDDATE>0</ENROLENDDATE>
      <ENROLPERIOD>0</ENROLPERIOD>
      <ROLES_OVERRIDES>
      </ROLES_OVERRIDES>
      <ROLES_ASSIGNMENTS>
      </ROLES_ASSIGNMENTS>
    </HEADER>
    <LOCAL>
    </LOCAL>
    <BLOCKS>
      <BLOCK>
        <ID>754</ID>
        <NAME>participants</NAME>
        <PAGEID>30</PAGEID>
        <PAGETYPE>course-view</PAGETYPE>
        <POSITION>l</POSITION>
        <WEIGHT>0</WEIGHT>
        <VISIBLE>1</VISIBLE>
        <CONFIGDATA>Tjs=</CONFIGDATA>
        <ROLES_OVERRIDES>
        </ROLES_OVERRIDES>
        <ROLES_ASSIGNMENTS>
        </ROLES_ASSIGNMENTS>
      </BLOCK>
      <BLOCK>
        <ID>755</ID>
        <NAME>admin</NAME>
        <PAGEID>30</PAGEID>
        <PAGETYPE>course-view</PAGETYPE>
        <POSITION>l</POSITION>
        <WEIGHT>1</WEIGHT>
        <VISIBLE>1</VISIBLE>
        <CONFIGDATA>Tjs=</CONFIGDATA>
        <ROLES_OVERRIDES>
        </ROLES_OVERRIDES>
        <ROLES_ASSIGNMENTS>
        </ROLES_ASSIGNMENTS>
      </BLOCK>
      <BLOCK>
        <ID>756</ID>
        <NAME>online_users</NAME>
        <PAGEID>30</PAGEID>
        <PAGETYPE>course-view</PAGETYPE>
        <POSITION>r</POSITION>
        <WEIGHT>0</WEIGHT>
        <VISIBLE>1</VISIBLE>
        <CONFIGDATA>Tjs=</CONFIGDATA>
        <ROLES_OVERRIDES>
        </ROLES_OVERRIDES>
        <ROLES_ASSIGNMENTS>
        </ROLES_ASSIGNMENTS>
      </BLOCK>
      <BLOCK>
        <ID>757</ID>
        <NAME>recent_activity</NAME>
        <PAGEID>30</PAGEID>
        <PAGETYPE>course-view</PAGETYPE>
        <POSITION>r</POSITION>
        <WEIGHT>1</WEIGHT>
        <VISIBLE>1</VISIBLE>
        <CONFIGDATA>Tjs=</CONFIGDATA>
        <ROLES_OVERRIDES>
        </ROLES_OVERRIDES>
        <ROLES_ASSIGNMENTS>
        </ROLES_ASSIGNMENTS>
      </BLOCK>
      <BLOCK>
        <ID>758</ID>
        <NAME>calendar_month</NAME>
        <PAGEID>30</PAGEID>
        <PAGETYPE>course-view</PAGETYPE>
        <POSITION>r</POSITION>
        <WEIGHT>2</WEIGHT>
        <VISIBLE>1</VISIBLE>
        <CONFIGDATA>Tjs=</CONFIGDATA>
        <ROLES_OVERRIDES>
        </ROLES_OVERRIDES>
        <ROLES_ASSIGNMENTS>
        </ROLES_ASSIGNMENTS>
      </BLOCK>
    </BLOCKS>
    <SECTIONS>
      <SECTION>
        <ID>98</ID>
        <NUMBER>0</NUMBER>
        <SUMMARY>&lt;h2 style=&quot;text-align: center;&quot;&gt;Welcome to the TAO Moodle Online Training Materials - &lt;br /&gt;&lt;/h2&gt; 
&lt;h2 style=&quot;text-align: center;&quot;&gt;Part 2.1: Basic Course Modules and Blocks&lt;br /&gt;&lt;/h2&gt;</SUMMARY>
        <VISIBLE>1</VISIBLE>
      </SECTION>
      <SECTION>
        <ID>99</ID>
        <NUMBER>1</NUMBER>
        <SUMMARY>&lt;h2&gt;Assignment Module&lt;br /&gt;&lt;/h2&gt;</SUMMARY>
        <VISIBLE>1</VISIBLE>
        <MODS>
          <MOD>
            <ID>202</ID>
            <TYPE>label</TYPE>
            <INSTANCE>19</INSTANCE>
            <ADDED>1248143254</ADDED>
            <SCORE>0</SCORE>
            <INDENT>0</INDENT>
            <VISIBLE>1</VISIBLE>
            <GROUPMODE>0</GROUPMODE>
            <GROUPINGID>0</GROUPINGID>
            <GROUPMEMBERSONLY>0</GROUPMEMBERSONLY>
            <IDNUMBER>$@NULL@$</IDNUMBER>
            <ROLES_OVERRIDES>
            </ROLES_OVERRIDES>
            <ROLES_ASSIGNMENTS>
            </ROLES_ASSIGNMENTS>
          </MOD>
          <MOD>
            <ID>203</ID>
            <TYPE>resource</TYPE>
            <INSTANCE>42</INSTANCE>
            <ADDED>1248142666</ADDED>
            <SCORE>0</SCORE>
            <INDENT>0</INDENT>
            <VISIBLE>0</VISIBLE>
            <GROUPMODE>0</GROUPMODE>
            <GROUPINGID>0</GROUPINGID>
            <GROUPMEMBERSONLY>0</GROUPMEMBERSONLY>
            <IDNUMBER>$@NULL@$</IDNUMBER>
            <ROLES_OVERRIDES>
            </ROLES_OVERRIDES>
            <ROLES_ASSIGNMENTS>
            </ROLES_ASSIGNMENTS>
          </MOD>
          <MOD>
            <ID>204</ID>
            <TYPE>resource</TYPE>
            <INSTANCE>43</INSTANCE>
            <ADDED>1248141147</ADDED>
            <SCORE>0</SCORE>
            <INDENT>1</INDENT>
            <VISIBLE>0</VISIBLE>
            <GROUPMODE>0</GROUPMODE>
            <GROUPINGID>0</GROUPINGID>
            <GROUPMEMBERSONLY>0</GROUPMEMBERSONLY>
            <IDNUMBER>$@NULL@$</IDNUMBER>
            <ROLES_OVERRIDES>
            </ROLES_OVERRIDES>
            <ROLES_ASSIGNMENTS>
            </ROLES_ASSIGNMENTS>
          </MOD>
          <MOD>
            <ID>205</ID>
            <TYPE>resource</TYPE>
            <INSTANCE>44</INSTANCE>
            <ADDED>1248141171</ADDED>
            <SCORE>0</SCORE>
            <INDENT>1</INDENT>
            <VISIBLE>0</VISIBLE>
            <GROUPMODE>0</GROUPMODE>
            <GROUPINGID>0</GROUPINGID>
            <GROUPMEMBERSONLY>0</GROUPMEMBERSONLY>
            <IDNUMBER>$@NULL@$</IDNUMBER>
            <ROLES_OVERRIDES>
            </ROLES_OVERRIDES>
            <ROLES_ASSIGNMENTS>
            </ROLES_ASSIGNMENTS>
          </MOD>
          <MOD>
            <ID>206</ID>
            <TYPE>resource</TYPE>
            <INSTANCE>45</INSTANCE>
            <ADDED>1248141194</ADDED>
            <SCORE>0</SCORE>
            <INDENT>1</INDENT>
            <VISIBLE>0</VISIBLE>
            <GROUPMODE>0</GROUPMODE>
            <GROUPINGID>0</GROUPINGID>
            <GROUPMEMBERSONLY>0</GROUPMEMBERSONLY>
            <IDNUMBER>$@NULL@$</IDNUMBER>
            <ROLES_OVERRIDES>
            </ROLES_OVERRIDES>
            <ROLES_ASSIGNMENTS>
            </ROLES_ASSIGNMENTS>
          </MOD>
          <MOD>
            <ID>207</ID>
            <TYPE>resource</TYPE>
            <INSTANCE>46</INSTANCE>
            <ADDED>1248141213</ADDED>
            <SCORE>0</SCORE>
            <INDENT>1</INDENT>
            <VISIBLE>0</VISIBLE>
            <GROUPMODE>0</GROUPMODE>
            <GROUPINGID>0</GROUPINGID>
            <GROUPMEMBERSONLY>0</GROUPMEMBERSONLY>
            <IDNUMBER>$@NULL@$</IDNUMBER>
            <ROLES_OVERRIDES>
            </ROLES_OVERRIDES>
            <ROLES_ASSIGNMENTS>
            </ROLES_ASSIGNMENTS>
          </MOD>
          <MOD>
            <ID>208</ID>
            <TYPE>resource</TYPE>
            <INSTANCE>47</INSTANCE>
            <ADDED>1248142506</ADDED>
            <SCORE>0</SCORE>
            <INDENT>0</INDENT>
            <VISIBLE>0</VISIBLE>
            <GROUPMODE>0</GROUPMODE>
            <GROUPINGID>0</GROUPINGID>
            <GROUPMEMBERSONLY>0</GROUPMEMBERSONLY>
            <IDNUMBER>$@NULL@$</IDNUMBER>
            <ROLES_OVERRIDES>
            </ROLES_OVERRIDES>
            <ROLES_ASSIGNMENTS>
            </ROLES_ASSIGNMENTS>
          </MOD>
          <MOD>
            <ID>209</ID>
            <TYPE>resource</TYPE>
            <INSTANCE>48</INSTANCE>
            <ADDED>1248142576</ADDED>
            <SCORE>0</SCORE>
            <INDENT>0</INDENT>
            <VISIBLE>0</VISIBLE>
            <GROUPMODE>0</GROUPMODE>
            <GROUPINGID>0</GROUPINGID>
            <GROUPMEMBERSONLY>0</GROUPMEMBERSONLY>
            <IDNUMBER>$@NULL@$</IDNUMBER>
            <ROLES_OVERRIDES>
            </ROLES_OVERRIDES>
            <ROLES_ASSIGNMENTS>
            </ROLES_ASSIGNMENTS>
          </MOD>
        </MODS>
      </SECTION>
      <SECTION>
        <ID>100</ID>
        <NUMBER>2</NUMBER>
        <SUMMARY>&lt;h2&gt;Chat Module&lt;/h2&gt;</SUMMARY>
        <VISIBLE>1</VISIBLE>
        <MODS>
          <MOD>
            <ID>210</ID>
            <TYPE>label</TYPE>
            <INSTANCE>20</INSTANCE>
            <ADDED>1246271133</ADDED>
            <SCORE>0</SCORE>
            <INDENT>0</INDENT>
            <VISIBLE>0</VISIBLE>
            <GROUPMODE>0</GROUPMODE>
            <GROUPINGID>0</GROUPINGID>
            <GROUPMEMBERSONLY>0</GROUPMEMBERSONLY>
            <IDNUMBER>$@NULL@$</IDNUMBER>
            <ROLES_OVERRIDES>
            </ROLES_OVERRIDES>
            <ROLES_ASSIGNMENTS>
            </ROLES_ASSIGNMENTS>
          </MOD>
          <MOD>
            <ID>211</ID>
            <TYPE>label</TYPE>
            <INSTANCE>21</INSTANCE>
            <ADDED>1246267911</ADDED>
            <SCORE>0</SCORE>
            <INDENT>0</INDENT>
            <VISIBLE>1</VISIBLE>
            <GROUPMODE>0</GROUPMODE>
            <GROUPINGID>0</GROUPINGID>
            <GROUPMEMBERSONLY>0</GROUPMEMBERSONLY>
            <IDNUMBER>$@NULL@$</IDNUMBER>
            <ROLES_OVERRIDES>
            </ROLES_OVERRIDES>
            <ROLES_ASSIGNMENTS>
            </ROLES_ASSIGNMENTS>
          </MOD>
          <MOD>
            <ID>212</ID>
            <TYPE>resource</TYPE>
            <INSTANCE>49</INSTANCE>
            <ADDED>1246269668</ADDED>
            <SCORE>0</SCORE>
            <INDENT>0</INDENT>
            <VISIBLE>1</VISIBLE>
            <GROUPMODE>0</GROUPMODE>
            <GROUPINGID>0</GROUPINGID>
            <GROUPMEMBERSONLY>0</GROUPMEMBERSONLY>
            <IDNUMBER>$@NULL@$</IDNUMBER>
            <ROLES_OVERRIDES>
            </ROLES_OVERRIDES>
            <ROLES_ASSIGNMENTS>
            </ROLES_ASSIGNMENTS>
          </MOD>
          <MOD>
            <ID>213</ID>
            <TYPE>resource</TYPE>
            <INSTANCE>50</INSTANCE>
            <ADDED>1246269958</ADDED>
            <SCORE>0</SCORE>
            <INDENT>0</INDENT>
            <VISIBLE>1</VISIBLE>
            <GROUPMODE>0</GROUPMODE>
            <GROUPINGID>0</GROUPINGID>
            <GROUPMEMBERSONLY>0</GROUPMEMBERSONLY>
            <IDNUMBER>$@NULL@$</IDNUMBER>
            <ROLES_OVERRIDES>
            </ROLES_OVERRIDES>
            <ROLES_ASSIGNMENTS>
            </ROLES_ASSIGNMENTS>
          </MOD>
        </MODS>
      </SECTION>
      <SECTION>
        <ID>101</ID>
        <NUMBER>3</NUMBER>
        <SUMMARY>&lt;h2&gt;Choice Module&lt;/h2&gt;</SUMMARY>
        <VISIBLE>1</VISIBLE>
      </SECTION>
      <SECTION>
        <ID>102</ID>
        <NUMBER>4</NUMBER>
        <SUMMARY>&lt;h2&gt;Forums&lt;/h2&gt;</SUMMARY>
        <VISIBLE>1</VISIBLE>
        <MODS>
          <MOD>
            <ID>214</ID>
            <TYPE>label</TYPE>
            <INSTANCE>22</INSTANCE>
            <ADDED>1246339810</ADDED>
            <SCORE>0</SCORE>
            <INDENT>0</INDENT>
            <VISIBLE>0</VISIBLE>
            <GROUPMODE>0</GROUPMODE>
            <GROUPINGID>0</GROUPINGID>
            <GROUPMEMBERSONLY>0</GROUPMEMBERSONLY>
            <IDNUMBER>$@NULL@$</IDNUMBER>
            <ROLES_OVERRIDES>
            </ROLES_OVERRIDES>
            <ROLES_ASSIGNMENTS>
            </ROLES_ASSIGNMENTS>
          </MOD>
          <MOD>
            <ID>215</ID>
            <TYPE>label</TYPE>
            <INSTANCE>23</INSTANCE>
            <ADDED>1246339640</ADDED>
            <SCORE>0</SCORE>
            <INDENT>0</INDENT>
            <VISIBLE>1</VISIBLE>
            <GROUPMODE>0</GROUPMODE>
            <GROUPINGID>0</GROUPINGID>
            <GROUPMEMBERSONLY>0</GROUPMEMBERSONLY>
            <IDNUMBER>$@NULL@$</IDNUMBER>
            <ROLES_OVERRIDES>
            </ROLES_OVERRIDES>
            <ROLES_ASSIGNMENTS>
            </ROLES_ASSIGNMENTS>
          </MOD>
          <MOD>
            <ID>216</ID>
            <TYPE>resource</TYPE>
            <INSTANCE>51</INSTANCE>
            <ADDED>1246276556</ADDED>
            <SCORE>0</SCORE>
            <INDENT>0</INDENT>
            <VISIBLE>1</VISIBLE>
            <GROUPMODE>0</GROUPMODE>
            <GROUPINGID>0</GROUPINGID>
            <GROUPMEMBERSONLY>0</GROUPMEMBERSONLY>
            <IDNUMBER>$@NULL@$</IDNUMBER>
            <ROLES_OVERRIDES>
            </ROLES_OVERRIDES>
            <ROLES_ASSIGNMENTS>
            </ROLES_ASSIGNMENTS>
          </MOD>
          <MOD>
            <ID>217</ID>
            <TYPE>resource</TYPE>
            <INSTANCE>52</INSTANCE>
            <ADDED>1246276949</ADDED>
            <SCORE>0</SCORE>
            <INDENT>0</INDENT>
            <VISIBLE>1</VISIBLE>
            <GROUPMODE>0</GROUPMODE>
            <GROUPINGID>0</GROUPINGID>
            <GROUPMEMBERSONLY>0</GROUPMEMBERSONLY>
            <IDNUMBER>$@NULL@$</IDNUMBER>
            <ROLES_OVERRIDES>
            </ROLES_OVERRIDES>
            <ROLES_ASSIGNMENTS>
            </ROLES_ASSIGNMENTS>
          </MOD>
          <MOD>
            <ID>218</ID>
            <TYPE>resource</TYPE>
            <INSTANCE>53</INSTANCE>
            <ADDED>1246276693</ADDED>
            <SCORE>0</SCORE>
            <INDENT>0</INDENT>
            <VISIBLE>1</VISIBLE>
            <GROUPMODE>0</GROUPMODE>
            <GROUPINGID>0</GROUPINGID>
            <GROUPMEMBERSONLY>0</GROUPMEMBERSONLY>
            <IDNUMBER>$@NULL@$</IDNUMBER>
            <ROLES_OVERRIDES>
            </ROLES_OVERRIDES>
            <ROLES_ASSIGNMENTS>
            </ROLES_ASSIGNMENTS>
          </MOD>
          <MOD>
            <ID>219</ID>
            <TYPE>resource</TYPE>
            <INSTANCE>54</INSTANCE>
            <ADDED>1246276914</ADDED>
            <SCORE>0</SCORE>
            <INDENT>0</INDENT>
            <VISIBLE>1</VISIBLE>
            <GROUPMODE>0</GROUPMODE>
            <GROUPINGID>0</GROUPINGID>
            <GROUPMEMBERSONLY>0</GROUPMEMBERSONLY>
            <IDNUMBER>$@NULL@$</IDNUMBER>
            <ROLES_OVERRIDES>
            </ROLES_OVERRIDES>
            <ROLES_ASSIGNMENTS>
            </ROLES_ASSIGNMENTS>
          </MOD>
          <MOD>
            <ID>220</ID>
            <TYPE>resource</TYPE>
            <INSTANCE>55</INSTANCE>
            <ADDED>1246276770</ADDED>
            <SCORE>0</SCORE>
            <INDENT>0</INDENT>
            <VISIBLE>1</VISIBLE>
            <GROUPMODE>0</GROUPMODE>
            <GROUPINGID>0</GROUPINGID>
            <GROUPMEMBERSONLY>0</GROUPMEMBERSONLY>
            <IDNUMBER>$@NULL@$</IDNUMBER>
            <ROLES_OVERRIDES>
            </ROLES_OVERRIDES>
            <ROLES_ASSIGNMENTS>
            </ROLES_ASSIGNMENTS>
          </MOD>
          <MOD>
            <ID>221</ID>
            <TYPE>resource</TYPE>
            <INSTANCE>56</INSTANCE>
            <ADDED>1246276840</ADDED>
            <SCORE>0</SCORE>
            <INDENT>0</INDENT>
            <VISIBLE>1</VISIBLE>
            <GROUPMODE>0</GROUPMODE>
            <GROUPINGID>0</GROUPINGID>
            <GROUPMEMBERSONLY>0</GROUPMEMBERSONLY>
            <IDNUMBER>$@NULL@$</IDNUMBER>
            <ROLES_OVERRIDES>
            </ROLES_OVERRIDES>
            <ROLES_ASSIGNMENTS>
            </ROLES_ASSIGNMENTS>
          </MOD>
        </MODS>
      </SECTION>
      <SECTION>
        <ID>103</ID>
        <NUMBER>5</NUMBER>
        <SUMMARY>&lt;h2&gt;Quiz Module&lt;br /&gt;&lt;/h2&gt;</SUMMARY>
        <VISIBLE>1</VISIBLE>
      </SECTION>
      <SECTION>
        <ID>104</ID>
        <NUMBER>6</NUMBER>
        <SUMMARY>&lt;h2&gt;Inserting Labels&lt;/h2&gt;</SUMMARY>
        <VISIBLE>0</VISIBLE>
      </SECTION>
      <SECTION>
        <ID>105</ID>
        <NUMBER>7</NUMBER>
        <SUMMARY>&lt;h2&gt; Composing Text Pages and Web Pages&lt;/h2&gt;</SUMMARY>
        <VISIBLE>0</VISIBLE>
      </SECTION>
      <SECTION>
        <ID>106</ID>
        <NUMBER>8</NUMBER>
        <SUMMARY>&lt;h2&gt;Inserting Links and Files&lt;/h2&gt;</SUMMARY>
        <VISIBLE>0</VISIBLE>
      </SECTION>
      <SECTION>
        <ID>107</ID>
        <NUMBER>9</NUMBER>
        <SUMMARY>&lt;h2&gt;Calendar&lt;/h2&gt;</SUMMARY>
        <VISIBLE>1</VISIBLE>
      </SECTION>
      <SECTION>
        <ID>108</ID>
        <NUMBER>10</NUMBER>
        <SUMMARY>&lt;h2&gt;Recent Activity Block&lt;/h2&gt;</SUMMARY>
        <VISIBLE>0</VISIBLE>
      </SECTION>
      <SECTION>
        <ID>109</ID>
        <NUMBER>11</NUMBER>
        <SUMMARY>&lt;h2&gt;HTML Blocks&lt;/h2&gt;</SUMMARY>
        <VISIBLE>1</VISIBLE>
      </SECTION>
      <SECTION>
        <ID>110</ID>
        <NUMBER>12</NUMBER>
        <SUMMARY>&lt;h2&gt;RSS Block&lt;/h2&gt;</SUMMARY>
        <VISIBLE>0</VISIBLE>
      </SECTION>
      <SECTION>
        <ID>111</ID>
        <NUMBER>13</NUMBER>
        <SUMMARY></SUMMARY>
        <VISIBLE>1</VISIBLE>
        <MODS>
          <MOD>
            <ID>222</ID>
            <TYPE>forum</TYPE>
            <INSTANCE>25</INSTANCE>
            <ADDED>1245723461</ADDED>
            <SCORE>0</SCORE>
            <INDENT>0</INDENT>
            <VISIBLE>0</VISIBLE>
            <GROUPMODE>0</GROUPMODE>
            <GROUPINGID>0</GROUPINGID>
            <GROUPMEMBERSONLY>0</GROUPMEMBERSONLY>
            <IDNUMBER>$@NULL@$</IDNUMBER>
            <ROLES_OVERRIDES>
            </ROLES_OVERRIDES>
            <ROLES_ASSIGNMENTS>
            </ROLES_ASSIGNMENTS>
          </MOD>
        </MODS>
      </SECTION>
    </SECTIONS>
    <GRADEBOOK>
      <GRADE_CATEGORIES>
        <GRADE_CATEGORY>
          <ID>30</ID>
          <PARENT>$@NULL@$</PARENT>
          <FULLNAME>?</FULLNAME>
          <AGGREGATION>11</AGGREGATION>
          <KEEPHIGH>0</KEEPHIGH>
          <DROPLOW>0</DROPLOW>
          <AGGREGATEONLYGRADED>1</AGGREGATEONLYGRADED>
          <AGGREGATEOUTCOMES>0</AGGREGATEOUTCOMES>
          <AGGREGATESUBCATS>0</AGGREGATESUBCATS>
          <TIMECREATED>1245723686</TIMECREATED>
          <TIMEMODIFIED>1248175728</TIMEMODIFIED>
        </GRADE_CATEGORY>
      </GRADE_CATEGORIES>
      <GRADE_ITEMS>
        <GRADE_ITEM>
          <ID>33</ID>
          <CATEGORYID>$@NULL@$</CATEGORYID>
          <ITEMNAME>$@NULL@$</ITEMNAME>
          <ITEMTYPE>course</ITEMTYPE>
          <ITEMMODULE>$@NULL@$</ITEMMODULE>
          <ITEMINSTANCE>30</ITEMINSTANCE>
          <ITEMNUMBER>$@NULL@$</ITEMNUMBER>
          <ITEMINFO>$@NULL@$</ITEMINFO>
          <IDNUMBER>$@NULL@$</IDNUMBER>
          <CALCULATION>$@NULL@$</CALCULATION>
          <GRADETYPE>1</GRADETYPE>
          <GRADEMAX>100.00000</GRADEMAX>
          <GRADEMIN>0.00000</GRADEMIN>
          <SCALEID>$@NULL@$</SCALEID>
          <OUTCOMEID>$@NULL@$</OUTCOMEID>
          <GRADEPASS>0.00000</GRADEPASS>
          <MULTFACTOR>1.00000</MULTFACTOR>
          <PLUSFACTOR>0.00000</PLUSFACTOR>
          <AGGREGATIONCOEF>0.00000</AGGREGATIONCOEF>
          <DISPLAY>0</DISPLAY>
          <DECIMALS>$@NULL@$</DECIMALS>
          <HIDDEN>0</HIDDEN>
          <LOCKED>0</LOCKED>
          <LOCKTIME>0</LOCKTIME>
          <NEEDSUPDATE>0</NEEDSUPDATE>
          <TIMECREATED>1245723686</TIMECREATED>
          <TIMEMODIFIED>1248175728</TIMEMODIFIED>
        </GRADE_ITEM>
      </GRADE_ITEMS>
    </GRADEBOOK>
    <MODULES>
      <MOD>
        <ID>25</ID>
        <MODTYPE>forum</MODTYPE>
        <TYPE>news</TYPE>
        <NAME>News forum</NAME>
        <INTRO>General news and announcements</INTRO>
        <ASSESSED>0</ASSESSED>
        <ASSESSTIMESTART>0</ASSESSTIMESTART>
        <ASSESSTIMEFINISH>0</ASSESSTIMEFINISH>
        <MAXBYTES>0</MAXBYTES>
        <SCALE>0</SCALE>
        <FORCESUBSCRIBE>1</FORCESUBSCRIBE>
        <TRACKINGTYPE>1</TRACKINGTYPE>
        <RSSTYPE>0</RSSTYPE>
        <RSSARTICLES>0</RSSARTICLES>
        <TIMEMODIFIED>1245723461</TIMEMODIFIED>
        <WARNAFTER>0</WARNAFTER>
        <BLOCKAFTER>0</BLOCKAFTER>
        <BLOCKPERIOD>0</BLOCKPERIOD>
      </MOD>
      <MOD>
        <ID>19</ID>
        <MODTYPE>label</MODTYPE>
        <NAME>The Assignment activity module allows teachers to ...</NAME>
        <CONTENT>The Assignment activity module allows teachers to collect work from students, review it and provide feedback including grades.&lt;br /&gt;</CONTENT>
        <TIMEMODIFIED>1248143254</TIMEMODIFIED>
      </MOD>
      <MOD>
        <ID>20</ID>
        <MODTYPE>label</MODTYPE>
        <NAME>Hidden Note for Trainer: Ask group to create a Cha...</NAME>
        <CONTENT>&lt;span style=&quot;font-style: italic;&quot;&gt;Hidden Note for Trainer: Ask group to create a Chat session in a training course, select one Chat activity for the group to all join in a discussion on teaching applications of this activity type.&lt;/span&gt;&lt;br /&gt;</CONTENT>
        <TIMEMODIFIED>1246271133</TIMEMODIFIED>
      </MOD>
      <MOD>
        <ID>21</ID>
        <MODTYPE>label</MODTYPE>
        <NAME>The Chat module allows participants to have a real...</NAME>
        <CONTENT>The Chat module allows participants to have a real-time synchronous discussion via the web. It is a useful way to get a different understanding of each other and the topic being discussed - the mode of using a chat room is quite different from the asynchronous forums. The Chat module contains a number of features for managing and reviewing chat discussions.</CONTENT>
        <TIMEMODIFIED>1246267911</TIMEMODIFIED>
      </MOD>
      <MOD>
        <ID>22</ID>
        <MODTYPE>label</MODTYPE>
        <NAME>Hidden Note for Trainer: Request training group to...</NAME>
        <CONTENT>&lt;span style=&quot;font-style: italic;&quot;&gt;Hidden Note for Trainer: Request training group to create a new Forum and work through key configuration options. Describe forum types and rating and subscription functionality.&lt;/span&gt;</CONTENT>
        <TIMEMODIFIED>1246339810</TIMEMODIFIED>
      </MOD>
      <MOD>
        <ID>23</ID>
        <MODTYPE>label</MODTYPE>
        <NAME>The Forum module allows trainers to create asynchr...</NAME>
        <CONTENT>The Forum module allows trainers to create asynchronous discussion areas. Forums can be graded/rated by users and copies of forum posts can be sent to subscribed users via email.</CONTENT>
        <TIMEMODIFIED>1246339640</TIMEMODIFIED>
      </MOD>
      <MOD>
        <ID>42</ID>
        <MODTYPE>resource</MODTYPE>
        <NAME>Adding or Editing an Assignment</NAME>
        <TYPE>html</TYPE>
        <REFERENCE></REFERENCE>
        <SUMMARY></SUMMARY>
        <ALLTEXT>&lt;h2&gt; Adding or Editing an Assignment&lt;/h2&gt;To create a new Assignment activity select the required Assignment type under &lt;span style=&quot;font-style: italic;&quot;&gt;&lt;span style=&quot;font-style: italic;&quot;&gt;&lt;/span&gt;Assignment &lt;/span&gt;&lt;span style=&quot;font-style: italic;&quot;&gt;&lt;/span&gt;from the &lt;span style=&quot;font-style: italic;&quot;&gt;Activities &lt;/span&gt;list when viewing a course in &lt;span style=&quot;font-style: italic;&quot;&gt;Editing On&lt;/span&gt; mode. The four different Assignment types include:
&lt;ul&gt;
  &lt;li&gt;Advanced uploading of files &lt;/li&gt;
  &lt;li&gt;Online text&lt;/li&gt;
  &lt;li&gt;Upload a single file, and&lt;br /&gt;&lt;/li&gt;
  &lt;li&gt;Offline activity&lt;/li&gt;
&lt;/ul&gt;You can customise your Assignment activity via a number of settings. The &lt;span style=&quot;font-style: italic;&quot;&gt;General&lt;/span&gt; and &lt;span style=&quot;font-style: italic;&quot;&gt;Common&lt;/span&gt; Assignment settings detailed below are applicable to each of the four Assignment types. There are also specific Assignment type settings which are covered in subsequent sections of this course.&lt;br /&gt;
&lt;h3&gt;General Settings&lt;br /&gt;&lt;/h3&gt;
&lt;h4&gt;Assignment name&lt;/h4&gt;
&lt;p&gt;Enter a &lt;span style=&quot;font-style: italic;&quot;&gt;Name&lt;/span&gt; or title for this Assignment (e.g. Assessment 1, Pascall's Wager, The Nature or Nuture Debate etc). Learners will see this Name in the course content area and will click on this title to view the details of the Assignment and, if applicable, submit their work.&lt;/p&gt;
&lt;h4&gt;Description&lt;/h4&gt;
&lt;p&gt;The &lt;span style=&quot;font-style: italic;&quot;&gt;Description&lt;/span&gt; of an Assignment should include instructions for learners on the subject of the Assignment and requirements around submission such as size and file format restrictions, grading criteria etc.&lt;/p&gt;The Assignment &lt;span style=&quot;font-style: italic;&quot;&gt;Description&lt;/span&gt; field can also be used to provide information or links to relevant in-course Resources (e.g literature, a video clip, an image, or a link to a webpage).&lt;br /&gt;
&lt;h4&gt; Grade&lt;/h4&gt;
&lt;p&gt;Assignments can be graded using a numerical/percentage or text based &lt;span style=&quot;font-style: italic;&quot;&gt;Scale&lt;/span&gt;. Any Grades given to an Assignment are automatically recorded in the Gradebook. &lt;br /&gt;&lt;/p&gt;
&lt;p&gt;If you do not wish to assign a Grade for the Assignment, choose &lt;span style=&quot;font-style: italic;&quot;&gt;No Grade&lt;/span&gt;.&lt;/p&gt;
&lt;h4&gt;Available from&lt;/h4&gt;
&lt;p&gt;The &lt;span style=&quot;font-style: italic;&quot;&gt;Available from&lt;/span&gt; date setting allows teacher/trainers to set a day and time at which learners can begin submitting their Assignments. This setting does not hide the activity from the learners, instead the learner will see the activity so they may view the instructions and use any materials you have include in the description.&lt;br /&gt;&lt;/p&gt;
&lt;p&gt;To activate the &lt;span style=&quot;font-style: italic;&quot;&gt;Available from&lt;/span&gt; date, make sure that the &lt;span style=&quot;font-style: italic;&quot;&gt;Disable&lt;/span&gt; tickbox is not checked. Use the dropdown menus to choose the day, month, year and time. Note: the time is based on a 24 hour clock so 14:00 refers to 2:00 p.m.&lt;/p&gt;
&lt;h4&gt;Due date&lt;/h4&gt;
&lt;p&gt;The Due date prevents students from submitting their assignments after the date given - provided the&lt;span style=&quot;font-style: italic;&quot;&gt; Prevent Late Submissions&lt;/span&gt; option is activated.&lt;br /&gt;&lt;/p&gt;
&lt;p&gt;To activate the &lt;span style=&quot;font-style: italic;&quot;&gt;Due date&lt;/span&gt;, make sure that the &lt;span style=&quot;font-style: italic;&quot;&gt;Disable&lt;/span&gt; tickbox is not checked and use the dropdown menus to choose the day, month, year and time. &lt;br /&gt;&lt;/p&gt;
&lt;p&gt;Where a &lt;span style=&quot;font-style: italic;&quot;&gt;Due date&lt;/span&gt; is given, this date will automatically be added to the course Calendar as a visible reminder for participants. &lt;/p&gt;
&lt;h4&gt;Prevent late submissions&lt;/h4&gt;
&lt;p&gt;Setting &lt;span style=&quot;font-style: italic;&quot;&gt;Prevent late submissions&lt;/span&gt; to &lt;span style=&quot;font-style: italic;&quot;&gt;Yes&lt;/span&gt; will prevent learners from being able to submit this Assignment after the &lt;span style=&quot;font-style: italic;&quot;&gt;Due date&lt;/span&gt;. If you set &lt;span style=&quot;font-style: italic;&quot;&gt;Prevent late submissions&lt;/span&gt; to &lt;span style=&quot;font-style: italic;&quot;&gt;No&lt;/span&gt;, then learners can submit the Assignment as long as the Assignment activity is visible or accessible to them but will be marked as late.&lt;/p&gt;
&lt;h3&gt;Common module settings - TODO&lt;br /&gt;&lt;/h3&gt;
&lt;h4&gt;Group mode&lt;/h4&gt;
&lt;p&gt;When course group mode is turned on, the group mode can be one of three levels: no groups, separate groups or visible groups.&lt;/p&gt;
&lt;ul&gt;
  &lt;li&gt;No groups - The Assignment activity is acesssible buy&lt;br /&gt;&lt;/li&gt;
  &lt;li&gt;Separate groups&lt;/li&gt;
  &lt;li&gt;Visible groups&lt;br /&gt;&lt;/li&gt;
&lt;/ul&gt;
&lt;h4&gt;Visible&lt;/h4&gt;
&lt;p&gt;You can (temporarily or permanently) &lt;span style=&quot;font-style: italic;&quot;&gt;Hide&lt;/span&gt; the Assignment from students by selecting &lt;span style=&quot;font-style: italic;&quot;&gt;Hide &lt;/span&gt;. It is useful if you don't want to make the activity available immediately. To unhide the Assignment set this option to &lt;span style=&quot;font-style: italic;&quot;&gt;Show&lt;/span&gt;.&lt;/p&gt;
&lt;h4&gt;ID number&lt;/h4&gt;
&lt;p&gt;Setting an ID number provides a way of identifying the Assignment for grade calculation purposes. If the activity is not included in any grade calculation then the ID number field can be left blank.&lt;/p&gt;
&lt;p&gt;Grade category&lt;/p&gt;
&lt;p&gt;&lt;br /&gt;&lt;/p&gt;
&lt;h4&gt;Group mode&lt;/h4&gt;The group mode for a Chat can set at one of three options:&lt;br /&gt;
&lt;ul&gt;
  &lt;li&gt;
    &lt;p&gt;No groups - there are no groups and everyone can particpate in a single Chat session&lt;/p&gt;&lt;/li&gt;
  &lt;li&gt;
    &lt;p&gt;Separate groups - each group can only see their own groups posts within a Chat, other posts are invisible&lt;/p&gt;&lt;/li&gt;
  &lt;li&gt;
    &lt;p&gt;Visible groups - each group works in their own Chat based group, but can also see other groups chat posts&lt;br /&gt;&lt;/p&gt;&lt;/li&gt;
&lt;/ul&gt;Grade CategoryIf using &lt;span style=&quot;font-style: italic;&quot;&gt;Grades &lt;/span&gt;and &lt;span style=&quot;font-style: italic;&quot;&gt;Grade Categories &lt;/span&gt;within a course you can associate an Assignment with a certain Grade Category for collective grading.&lt;br /&gt;&lt;br /&gt;&lt;br /&gt;When you have configured your &lt;span style=&quot;font-style: italic;&quot;&gt;Assignment&lt;/span&gt; activity to your satisfaction, click &lt;span style=&quot;font-style: italic;&quot;&gt;Save and return to course&lt;/span&gt; or &lt;span style=&quot;font-style: italic;&quot;&gt;Save and display&lt;/span&gt; to retain your changes or click &lt;span style=&quot;font-style: italic;&quot;&gt;Cancel&lt;/span&gt; to return to the course page.&lt;br /&gt;
&lt;h3&gt;Updating an Assignment&lt;br /&gt;&lt;/h3&gt;You update any of the settings within an Assignment activity by clicking the &lt;span style=&quot;font-style: italic;&quot;&gt;Edit &lt;/span&gt;icon against the Assignment name or by clicking on the name of the Assignment activity and clicking &lt;span style=&quot;font-style: italic;&quot;&gt;Update this Assignment&lt;/span&gt;.</ALLTEXT>
        <POPUP></POPUP>
        <OPTIONS></OPTIONS>
        <TIMEMODIFIED>1248154205</TIMEMODIFIED>
      </MOD>
      <MOD>
        <ID>43</ID>
        <MODTYPE>resource</MODTYPE>
        <NAME>Advanced Uploading of Files</NAME>
        <TYPE>html</TYPE>
        <REFERENCE></REFERENCE>
        <SUMMARY></SUMMARY>
        <ALLTEXT>Advanced Uploading of Files&lt;br /&gt;&lt;br /&gt;This type of assignment, , allows each student to upload one or more files in any format&lt;br /&gt;&lt;br /&gt;Features&lt;br /&gt;&lt;br /&gt; * This feature allows teachers to send files back to students in response to their submissions. &lt;br /&gt;&lt;br /&gt; Example: A typical way to use this would be to edit the student's submitted file by adding comments and/or corrections, and then returning this file back to the student via the assignment. When a student clicks on the assignment, files sent to him or her appear as a list of Response files. &lt;br /&gt;&lt;br /&gt; * Response files can be uploaded before submission which can be used to give each student a different file to work with. &lt;br /&gt;&lt;br /&gt; Tip: Be sure that Gradebook settings for that assignment allow the grades/response files to be visible to the student. &lt;br /&gt;&lt;br /&gt; * Students may also enter notes describing the submitted files, progress status or any other text information.&lt;br /&gt; * Submission of this type of assignment must be manually finalized by the student.&lt;br /&gt; * Teachers can review the current status at any time, unfinished assignments are marked as Draft.&lt;br /&gt; * Teachers can revert any ungraded assignment back to draft status. &lt;br /&gt;&lt;br /&gt;[edit] Settings&lt;br /&gt;&lt;br /&gt;These settings are in addition to the general assignment settings outlined on editing an assignment.&lt;br /&gt;[edit] Maximum size&lt;br /&gt;&lt;br /&gt;This setting specifies the maximum size (in total) of the file which the students can upload as their submission. If your students are uploading word processing documents or spreadsheets, typically you only need to allow for a few megabytes. If your students are submitting multimedia projects or other files with many images or audio clips, then the space allowed will need to be larger.&lt;br /&gt;&lt;br /&gt;Remember there are other places which can place limits on the maximum file size. The course administration block, the site administration block and several server files which are outside the direct control of Moodle.&lt;br /&gt;[edit] Allow deleting&lt;br /&gt;&lt;br /&gt;If enabled, students may delete uploaded files at any time before submitting for grading.&lt;br /&gt;[edit] Maximum number of uploaded files&lt;br /&gt;&lt;br /&gt;Maximum number of files each participant may upload, this number is not shown to students, please write the actual number of requested files in assignment description.&lt;br /&gt;[edit] Allow notes&lt;br /&gt;&lt;br /&gt;If enabled, students may enter notes into text area associated with the assignment.&lt;br /&gt;&lt;br /&gt;This text box can be used for communication with the grading person, assignment progress description or any other written activity.&lt;br /&gt;[edit] Hide description before available date&lt;br /&gt;&lt;br /&gt;If enabled, assignment description is hidden before the opening date.&lt;br /&gt;[edit] Email alerts to teachers&lt;br /&gt;&lt;br /&gt;If enabled, then teachers are alerted with a short email whenever students add or update an assignment submission.&lt;br /&gt;&lt;br /&gt;Only teachers who are able to grade the particular submission are notified. So, for example, if the course uses separate groups, then teachers restricted to particular groups won't receive any notices about students in other groups.&lt;br /&gt;[edit] Resubmitting&lt;br /&gt;&lt;br /&gt;As we know, the &amp;quot;Send For Marking&amp;quot; button pushes an assignment through for grading if enabled. After the send for marking button is pushed, to get back to that draft stage and remove their submission, the teacher must step in. This is also true if Send For Marking is never turned on; the teacher must take steps to give the student a chance to resubmit.&lt;br /&gt;&lt;br /&gt;To revert to the draft stage or let a student resubmit, click on the assignment activity, then click on View # submitted assignments, in the upper right. On the page with the roster and their submissions, click Grade (or Update for students who have already been graded) for the student who should get to resubmit. When the new window opens, click Revert to Draft at the lower right, or click the black X to delete their files. &lt;br /&gt;</ALLTEXT>
        <POPUP></POPUP>
        <OPTIONS></OPTIONS>
        <TIMEMODIFIED>1248142453</TIMEMODIFIED>
      </MOD>
      <MOD>
        <ID>44</ID>
        <MODTYPE>resource</MODTYPE>
        <NAME>Online Text</NAME>
        <TYPE>html</TYPE>
        <REFERENCE></REFERENCE>
        <SUMMARY></SUMMARY>
        <ALLTEXT>Online Text&lt;br /&gt;&lt;br /&gt;</ALLTEXT>
        <POPUP></POPUP>
        <OPTIONS></OPTIONS>
        <TIMEMODIFIED>1248141171</TIMEMODIFIED>
      </MOD>
      <MOD>
        <ID>45</ID>
        <MODTYPE>resource</MODTYPE>
        <NAME>Upload a Single File</NAME>
        <TYPE>html</TYPE>
        <REFERENCE></REFERENCE>
        <SUMMARY></SUMMARY>
        <ALLTEXT>Upload a Single File&lt;br /&gt;&lt;br /&gt;A student can upload a single file.&lt;br /&gt;&lt;br /&gt;This could be a Word document, spreadsheet or anything in digital format. Multiple files may be zipped and then submitted. After students upload their files, the teacher will be able to open the submission and use the Moodle interface to assign a grade and offer comments as feedback. A student may submit a file as many times as they like up until the deadline. Only the latest file is retained, and this is the one the lecturer marks.&lt;br /&gt;Contents&lt;br /&gt;[hide]&lt;br /&gt;&lt;br /&gt; * 1 Settings&lt;br /&gt; o 1.1 Allow resubmitting&lt;br /&gt; o 1.2 Email alerts to teachers&lt;br /&gt; o 1.3 Maximum Size&lt;br /&gt; o 1.4 FAQ&lt;br /&gt; * 2 See also&lt;br /&gt;&lt;br /&gt;[edit] Settings&lt;br /&gt;&lt;br /&gt;These settings are in addition to the general assignment settings outlined on editing an assignment.&lt;br /&gt;[edit] Allow resubmitting&lt;br /&gt;&lt;br /&gt;By default, students cannot resubmit assignments once the teacher has graded them. If you turn this option on, then students will be allowed to resubmit assignments after they have been graded (for you to re-grade). This may be useful if the teacher wants to encourage students to do better work in an iterative process.&lt;br /&gt;&lt;br /&gt;To make a resubmission, it is important to note that the instructor does not have to do anything else for the user to make their resubmission, other than that one setting for Allow Resubmitting. Even if they grade the assignment, the user needs only upload a file again to overwrite the old file, and then the submission will be marked as needing to be graded again in the View # submitted assignments page.&lt;br /&gt;[edit] Email alerts to teachers&lt;br /&gt;&lt;br /&gt;If enabled, then teachers are alerted with a short email whenever students add or update an assignment submission.&lt;br /&gt;&lt;br /&gt;Only teachers who are able to grade the particular submission are notified. So, for example, if the course uses separate groups, then teachers restricted to particular groups won't receive any notices about students in other groups.&lt;br /&gt;[edit] Maximum Size&lt;br /&gt;&lt;br /&gt;This setting specifies the maximum size of the file which the students can upload as their submission. If your students are uploading word processing documents or spreadsheets, typically you only need to allow for a few megabytes. If your students are submitting multimedia projects or other files with many images or audio clips, then the space allowed will need to be larger.&lt;br /&gt;[edit] FAQ&lt;br /&gt;&lt;br /&gt; 1. Is there any way students can be notified of a successful submission with either a message or an e-mail??&lt;br /&gt;&lt;br /&gt;Not in standard install of Moodle. &lt;br /&gt;</ALLTEXT>
        <POPUP></POPUP>
        <OPTIONS></OPTIONS>
        <TIMEMODIFIED>1248142201</TIMEMODIFIED>
      </MOD>
      <MOD>
        <ID>46</ID>
        <MODTYPE>resource</MODTYPE>
        <NAME>Offline Activity</NAME>
        <TYPE>html</TYPE>
        <REFERENCE></REFERENCE>
        <SUMMARY></SUMMARY>
        <ALLTEXT>Offline Activity&lt;br /&gt;&lt;br /&gt;This is useful when the assignment is performed outside of Moodle. It could be something elsewhere on the web or face-to-face. Students can see a description of the assignment, but can't upload files or anything. Grading works normally, and students will get notifications of their grades.&lt;br /&gt;&lt;br /&gt;There are no settings specific to offline assignments, just the general assignment settings outlined on editing an assignment. &lt;br /&gt;</ALLTEXT>
        <POPUP></POPUP>
        <OPTIONS></OPTIONS>
        <TIMEMODIFIED>1248142242</TIMEMODIFIED>
      </MOD>
      <MOD>
        <ID>47</ID>
        <MODTYPE>resource</MODTYPE>
        <NAME>Viewing an Assignment</NAME>
        <TYPE>html</TYPE>
        <REFERENCE></REFERENCE>
        <SUMMARY></SUMMARY>
        <ALLTEXT>Viewing an Assignment&lt;br /&gt;&lt;br /&gt;Viewing/submitting an assignment you will see the assignment name and its description with the 'View x submitted assignments' link (where 'x' is the number of assignments submitted) and the opening/closing dates and hours ('Available from' and 'Due date') of a given assignment. What's (and if there is anything) below depends on the type of assignment.&lt;br /&gt;&lt;br /&gt; * In the Offline activity assignment there are no additional options. &lt;br /&gt;&lt;br /&gt; * In the Online text assignment you will also see your assignment submission (if you have done so) with the Edit my submission option as well as the Feedback from the Teacher field. &lt;br /&gt;&lt;br /&gt; * In the Upload a single file assignment, you can go for the Upload a file option, the execution of which demands using the Browse link allowing you to choose the file on your computer you wish to be uploaded. &lt;br /&gt;</ALLTEXT>
        <POPUP></POPUP>
        <OPTIONS></OPTIONS>
        <TIMEMODIFIED>1248142506</TIMEMODIFIED>
      </MOD>
      <MOD>
        <ID>48</ID>
        <MODTYPE>resource</MODTYPE>
        <NAME>Assignment Submissions</NAME>
        <TYPE>html</TYPE>
        <REFERENCE></REFERENCE>
        <SUMMARY></SUMMARY>
        <ALLTEXT>Assignment Submissions&lt;br /&gt;&lt;br /&gt;To view the submitted assignment, the teacher should click on the assignment activity they wish to review. Then click on &amp;quot;View 'x' submitted assignments&amp;quot; link in the upper right corner.&lt;br /&gt;Contents&lt;br /&gt;[hide]&lt;br /&gt;&lt;br /&gt; * 1 Overview of submissions page&lt;br /&gt; * 2 Grade submission&lt;br /&gt; o 2.1 Basic grading assignments&lt;br /&gt; o 2.2 Quick grading assignments&lt;br /&gt; * 3 Tutorial on feedback and grading&lt;br /&gt; * 4 See also&lt;br /&gt;&lt;br /&gt;[edit] Overview of submissions page&lt;br /&gt;&lt;br /&gt;The submissions page contains a table with headings:&lt;br /&gt;&lt;br /&gt; 1. First name and Surname (along with the photograph)&lt;br /&gt; 2. Grade (for the submitted assignment)&lt;br /&gt; 3. Comment (the feedback information you have written in the feedback field while grading the assignment)&lt;br /&gt; 4. Last modified (Student) (the date of the last modification of the assignment by the student)&lt;br /&gt; 5. Last modified (Teacher) (the date of the last modification of the assignment by the teacher)&lt;br /&gt; 6. Status (with which you can move to the page where you grade the submitted assignment or, in case it's been graded, update the grade and/or the comment)&lt;br /&gt; 7. Final grade &lt;br /&gt;&lt;br /&gt;Above the table there is an alphabetical index, which helps you narrow down the number of students shown on one page only to those whose surname (or name) starts with the same letter. That is particularly helpful in case of a large number of course participants.&lt;br /&gt;&lt;br /&gt;The list of submissions may be sorted by clicking on a particular heading. Clicking twice on the same heading sorts the list in the opposite order. If the table is too large then columns may be collapsed by clicking on the Hide icon next to a particular column heading.&lt;br /&gt;&lt;br /&gt;By default, 10 submissions are shown per page, though this may be changed at the bottom of the page.&lt;br /&gt;[edit] Grade submission&lt;br /&gt;[edit] Basic grading assignments&lt;br /&gt;&lt;br /&gt;To grade or mark a submission, click on the Grade link opposite a particular student's name. A new window will open containing a feedback area.&lt;br /&gt;&lt;br /&gt;Once you've reviewed the student's assignment, pick the grade for the assignment from the dropdown list. (You set the scale when you created the assignment.) Below the grade scale, you can type comments regarding their work. When you're done, click &amp;quot;Save changes&amp;quot; or &amp;quot;Save and show next&amp;quot;.&lt;br /&gt;[edit] Quick grading assignments&lt;br /&gt;&lt;br /&gt;You may prefer to use &amp;quot;quick grading&amp;quot; by checking the box at the bottom of the submissions page. This enables you to quickly grade multiple assignments all on one page, rather than one by one in a new window. Simply add the grades and comments then when you're done, click &amp;quot;Save all my feedback&amp;quot; at the bottom of the page.&lt;br /&gt;[edit] Tutorial on feedback and grading&lt;br /&gt;&lt;br /&gt; 1. Click directly on the assignment whose submissions you wish to mark.&lt;br /&gt; 2. Click on View submitted assignments (top right)&lt;br /&gt; 3. Before going any further, I would like to draw your attention to some settings on this page. Scroll to the bottom and you will see: Submissions per page and Allow quick grading&lt;br /&gt; 1. I find it useful to set the submissions per page quite large so as not to have to keep opening new pages to see more students.&lt;br /&gt; 2. Normally you have to click on Grade on the right to open a new page where you can view the submission and enter marks and type some feedback text. If you Allow quick grading you can do this on the same line as the submission is listed.&lt;br /&gt; 3. Save preferences if you change either of these. For the rest of this, I will assume that you have enabled Allow quick grading. &lt;br /&gt; 4. On the line across for each person, if they have submited, you will see a link to a file. If you click on the file it will either open in a new browser window (if your browser is capable of viewing the document), or it will ask you if you wish to save to disc or open using the appropriate application program.&lt;br /&gt; 5. Once you have viewed their submission, you can then indicate a mark from the drop down list, and/or enter your comments in the box.&lt;br /&gt; 6. You can do this for many students, however the marks are not stored until you select Save all my feedback either at the top or the bottom of the list of student. It is advisable not to leave too long a time before doing this. After you do this, all students who you left feedback for are sent an email to let them know that there is feedback available for them.&lt;br /&gt; 7. You might note that if you have a long list of students you can sort in many ways, firstname, lastname etc by clicking on the blue link at the top of each column. A useful way is to sort by &amp;quot;Last modified Student&amp;quot; (get the arrow pointing upwards - ie. latest first) which will show the most recently submitted. If you allow more than one submission it is also useful to compare &amp;quot;Last modified student&amp;quot; date with &amp;quot;Last modified Lecturer&amp;quot; date as you can spot who has resubmitted since you last commented. &lt;br /&gt;&lt;br /&gt;[edit] See also</ALLTEXT>
        <POPUP></POPUP>
        <OPTIONS></OPTIONS>
        <TIMEMODIFIED>1248142576</TIMEMODIFIED>
      </MOD>
      <MOD>
        <ID>49</ID>
        <MODTYPE>resource</MODTYPE>
        <NAME>Creating a Chat Session</NAME>
        <TYPE>html</TYPE>
        <REFERENCE></REFERENCE>
        <SUMMARY></SUMMARY>
        <ALLTEXT>&lt;h2&gt;Creating a Chat Session&lt;/h2&gt;To create a new Chat session select &lt;span style=&quot;font-style: italic;&quot;&gt;Chat &lt;/span&gt;from the &lt;span style=&quot;font-style: italic;&quot;&gt;Activities &lt;/span&gt;list when viewing a course in &lt;span style=&quot;font-style: italic;&quot;&gt;Editing On&lt;/span&gt; mode. You can customise your Chat session using the following settings:&lt;br /&gt;
&lt;h3&gt;General settings&lt;/h3&gt;
&lt;h4&gt;Name of this chat room &lt;/h4&gt;The name entered here will be the name that learners see in the course content area. Learners will click on this name to view the description of the purpose of the chat room and then to enter the chat. &lt;br /&gt;
&lt;h4&gt;Introduction text&lt;/h4&gt;The introduction text is designed to welcome learners to the chat and to provide information regarding the purpose and setup (e.g repeating session or not, transcript access etc) of the chat room. &lt;br /&gt;
&lt;h4&gt;Next chat time&lt;/h4&gt;If you wish to schedule chat sessions for, or with, your learners, then you can use this setting to publish a time and date for the next chat. The date you select here will be displayed on the course &lt;span style=&quot;font-style: italic;&quot;&gt;Calendar &lt;/span&gt;along with a link to the chat room. &lt;br /&gt;&lt;br /&gt;To choose a chat time, use the drop down menus to choose the day, month and year. Then, set a time (24 hour clock) with the last two fields on the line.&lt;br /&gt;
&lt;h4&gt;Repeat sessions&lt;/h4&gt;You can choose one of four options allowing to schedule the future chat sessions: &lt;br /&gt;
&lt;ul&gt;
  &lt;li&gt;&lt;span style=&quot;font-style: italic;&quot;&gt;Don't publish any chat times&lt;/span&gt; - If you prefer not to schedule chats for the chat room, select this setting. This option will cause Moodle to disregard the date and time set above for the Next chat time. &lt;br /&gt;&lt;/li&gt;
&lt;/ul&gt;
&lt;ul&gt;
  &lt;li&gt;&lt;span style=&quot;font-style: italic;&quot;&gt;No repeats - publish the specified time only&lt;/span&gt; - This setting will cause only the date and time selected for the &lt;span style=&quot;font-style: italic;&quot;&gt;Next chat time&lt;/span&gt; to be published. The date and time will be displayed on the course calendar as well as when the learners click on the title of the chat room in the course content area.&lt;br /&gt;&lt;/li&gt;
&lt;/ul&gt;
&lt;ul&gt;
  &lt;li&gt;
    &lt;p&gt;&lt;span style=&quot;font-style: italic;&quot;&gt;At the same time every day&lt;/span&gt; - In some situations, you may need to schedule a chat session for the same time every day; this setting allows for this option. The scheduled chats will then be based on the time of day you selected above for the Next chat time. &lt;br /&gt;&lt;/p&gt;&lt;/li&gt;
&lt;/ul&gt;
&lt;ul&gt;
  &lt;li&gt;&lt;span style=&quot;font-style: italic;&quot;&gt;At the same time every week&lt;/span&gt; - To schedule a chat for the same day and time every week, select this option. When this option, the scheduled chats will be on the same day of the week at the same time you indicated in the Next chat time area above.&lt;br /&gt;&lt;/li&gt;
&lt;/ul&gt;
&lt;h4&gt;Save past sessions&lt;/h4&gt;When two or more users participate in a chat session, a record, or complete transcript of the session is created. As the instructor, you can choose how long these transcripts are saved and available for viewing. &lt;br /&gt;&lt;br /&gt;If you have any concerns about discussions that might take place in your chat room, you may want to keep transcripts for an extended period of time to allow the transcripts to be used for documentation. Likewise, you may find the documentation provided by the transcript to be useful for accreditation or evaluative purposes. &lt;br /&gt;
&lt;h4&gt;Everyone can view past sessions&lt;/h4&gt;You can decide here whether or not allow everyone to view past chat sessions. Instructors in a course can always view transcripts from sessions in the chat rooms. However, you also have the option to make these chat transcripts available to all of the learners in the course. &lt;br /&gt;
&lt;h3&gt;Common module settings&lt;/h3&gt;
&lt;h4&gt;Group mode&lt;/h4&gt;The group mode for a Chat can set at one of three options:&lt;br /&gt;
&lt;ul&gt;
  &lt;li&gt;
    &lt;p&gt;No groups - there are no groups and everyone can particpate in a single Chat session&lt;/p&gt;&lt;/li&gt;
  &lt;li&gt;
    &lt;p&gt;Separate groups - each group can only see their own groups posts within a Chat, other posts are invisible&lt;/p&gt;&lt;/li&gt;
  &lt;li&gt;
    &lt;p&gt;Visible groups - each group works in their own Chat based group, but can also see other groups chat posts&lt;br /&gt;&lt;/p&gt;&lt;/li&gt;
&lt;/ul&gt;
&lt;h4&gt;Visible&lt;/h4&gt;If you choose &lt;span style=&quot;font-style: italic;&quot;&gt;Show&lt;/span&gt;, then students in the course will be able to see this chat. If you choose &lt;span style=&quot;font-style: italic;&quot;&gt;Hide&lt;/span&gt;, then only users with teacher or administrative permissions in the course or Chat activity will be able to see it. &lt;br /&gt;
&lt;h4&gt;ID number&lt;/h4&gt;Setting an ID number provides a way of identifying the activity for grade calculation purposes. If the activity is not included in any grade calculation then the ID number field can be left blank.&lt;br /&gt;&lt;br /&gt;The ID number can also be set on the edit grade calculation page in the gradebook, though it can only be edited on the update activity page&lt;br /&gt;
&lt;h4&gt;Grade Category&lt;/h4&gt;If using &lt;span style=&quot;font-style: italic;&quot;&gt;Grades &lt;/span&gt;and &lt;span style=&quot;font-style: italic;&quot;&gt;Grade Categories &lt;/span&gt;within a course you can associate a Chat session with a certain Grade Category for collective grading.&lt;br /&gt;
&lt;h3&gt;Updating a Chat&lt;/h3&gt;You update any of the settings within a Chat session by clicking the &lt;span style=&quot;font-style: italic;&quot;&gt;Edit &lt;/span&gt;icon against the Chat name or by clicking on the name of the Chat session and clicking &lt;span style=&quot;font-style: italic;&quot;&gt;Update this Chat&lt;/span&gt;.&lt;br /&gt;&lt;br /&gt;
&lt;div style=&quot;text-align: center;&quot;&gt;&lt;img vspace=&quot;0&quot; hspace=&quot;0&quot; border=&quot;2&quot; style=&quot;width: 775px; height: 483px;&quot; title=&quot;create new chat&quot; alt=&quot;create new chat&quot; src=&quot;$@FILEPHP@$$@SLASH@$Chat$@SLASH@$chat1.jpg&quot; /&gt;&lt;br /&gt;&lt;/div&gt;&lt;br /&gt;&lt;br /&gt;&lt;br /&gt;</ALLTEXT>
        <POPUP></POPUP>
        <OPTIONS></OPTIONS>
        <TIMEMODIFIED>1246270345</TIMEMODIFIED>
      </MOD>
      <MOD>
        <ID>50</ID>
        <MODTYPE>resource</MODTYPE>
        <NAME>Using the Chat Module</NAME>
        <TYPE>html</TYPE>
        <REFERENCE></REFERENCE>
        <SUMMARY></SUMMARY>
        <ALLTEXT>&lt;h2&gt; Using the Chat Module&lt;/h2&gt;When viewing a Chat activity you will see the chat &lt;span style=&quot;font-style: italic;&quot;&gt;Name &lt;/span&gt;and &lt;span style=&quot;font-style: italic;&quot;&gt;Description &lt;/span&gt;as well as a&lt;span style=&quot;font-style: italic;&quot;&gt; Click here to enter the chat now&lt;/span&gt; link. If the chat has additional sessions scheduled, there will also be the information concerning the time of the next chat session. &lt;br /&gt;&lt;br /&gt;If you have set past chat sessions to be archived, you will be able to view them clicking &lt;span style=&quot;font-style: italic;&quot;&gt;View past chat sessions&lt;/span&gt; on the top right-hand side of the page. &lt;br /&gt;
&lt;h3&gt;Emoticons&lt;/h3&gt;Any emoticons that you can type elsewhere in Moodle can also be typed in a Chat window and they will be displayed correctly. &lt;br /&gt;
&lt;h3&gt;Links &lt;/h3&gt;Internet addresses entered in the Chat window will automatically be turned into hyperlinks. &lt;br /&gt;
&lt;h3&gt;Emoting &lt;/h3&gt;You can start a line with /me or : to emote. For example, if your name is Kim and you type :laughs! or /me laughs! then everyone will see &amp;quot;Kim laughs!&amp;quot; &lt;br /&gt;
&lt;h3&gt;Beeps &lt;/h3&gt;
&lt;p&gt;You can send a sound to other people by hitting the &lt;span style=&quot;font-style: italic;&quot;&gt;beep&lt;/span&gt; link next to their name. A useful shortcut to beep all the people in the chat at once is to type &lt;span style=&quot;font-style: italic;&quot;&gt;beep all&lt;/span&gt;. &lt;/p&gt;
&lt;h3&gt;HTML &lt;/h3&gt;
&lt;p&gt;If you know some HTML code, you can use it in your text to do things like insert images, play sounds or create different coloured and sized text. &lt;/p&gt;</ALLTEXT>
        <POPUP></POPUP>
        <OPTIONS></OPTIONS>
        <TIMEMODIFIED>1246270906</TIMEMODIFIED>
      </MOD>
      <MOD>
        <ID>51</ID>
        <MODTYPE>resource</MODTYPE>
        <NAME>Creating a Forum</NAME>
        <TYPE>html</TYPE>
        <REFERENCE></REFERENCE>
        <SUMMARY></SUMMARY>
        <ALLTEXT>&lt;h2&gt; Creating a Forum&lt;/h2&gt;To add a &lt;span style=&quot;font-style: italic;&quot;&gt;Forum &lt;/span&gt;Activity to your Moodle course:&lt;br /&gt;&lt;br style=&quot;font-weight: bold;&quot; /&gt;&lt;span style=&quot;font-weight: bold;&quot;&gt; 1.0&lt;/span&gt; As an editing teacher or administrator for a course, click &lt;span style=&quot;font-style: italic;&quot;&gt;Turn Editing On&lt;/span&gt; and navigate to the &lt;span style=&quot;font-style: italic;&quot;&gt;Topic &lt;/span&gt;or &lt;span style=&quot;font-style: italic;&quot;&gt;Week &lt;/span&gt;section in which you want to create the forum.&lt;br /&gt; &lt;br /&gt;&lt;span style=&quot;font-weight: bold;&quot;&gt;2.0&lt;/span&gt; Under the &lt;span style=&quot;font-style: italic;&quot;&gt;Add an activity&lt;/span&gt; dropdown menu labeled select &lt;span style=&quot;font-style: italic;&quot;&gt;Forum&lt;/span&gt;. This will take you to the &lt;span style=&quot;font-style: italic;&quot;&gt;Add new Forum&lt;/span&gt; page. To update an existing forum, use the &lt;span style=&quot;font-style: italic;&quot;&gt;Update this forum&lt;/span&gt; button to access the forum settings page. &lt;br /&gt;
&lt;h3&gt;General Settings&lt;/h3&gt;
&lt;h4&gt;Forum name&lt;/h4&gt;
&lt;p&gt;The &lt;span style=&quot;font-style: italic;&quot;&gt;Forum name&lt;/span&gt; is the title of the Forum. This name is displayed on the course home page and should be fairly descriptive so users understand which Forum they are viewing.&lt;br /&gt;&lt;/p&gt;
&lt;h4&gt;Forum type&lt;/h4&gt;
&lt;p&gt;There are four &lt;span style=&quot;font-style: italic;&quot;&gt;Forum types&lt;/span&gt; to choose from:&lt;/p&gt;
&lt;ul&gt;
  &lt;li&gt;&lt;span style=&quot;font-style: italic;&quot;&gt;A single simple discussion&lt;/span&gt; - A single topic discussion developed on one page&lt;br /&gt;&lt;br style=&quot;font-style: italic;&quot; /&gt;&lt;/li&gt;
  &lt;li&gt;&lt;span style=&quot;font-style: italic;&quot;&gt;Standard forum for general use&lt;/span&gt; - An open forum where anyone can start a new topic at any time; this is the best general-purpose forum&lt;br /&gt;&lt;br /&gt;&lt;/li&gt;
  &lt;li&gt;&lt;span style=&quot;font-style: italic;&quot;&gt;Each person posts one discussion&lt;/span&gt; - Each person can post exactly one new discussion topic, replies are not restricted&lt;br /&gt;&lt;br /&gt;&lt;/li&gt;
  &lt;li&gt; &lt;span style=&quot;font-style: italic;&quot;&gt;Q and A Forum&lt;/span&gt; - Instead of initiating discussions, Teachers pose a question in the initial post of a discussion. When a student posts a reply with an answer, they will see the replies/answers of other students.&lt;br /&gt;&lt;/li&gt;
&lt;/ul&gt;
&lt;p&gt;Further details on &lt;span style=&quot;font-style: italic;&quot;&gt;Forum Type&lt;/span&gt;s can be found in a later section of these materials.&lt;br /&gt;&lt;/p&gt;
&lt;h4&gt;Forum introduction&lt;/h4&gt;
&lt;p&gt;Enter the description and purpose of the Forum here. It is useful to include information about grading, ratings or forum type in this area.&lt;br /&gt;&lt;/p&gt;
&lt;h4&gt;Force everyone to be subscribed?&lt;/h4&gt;
&lt;p&gt;When a person is subscribed to a forum they will be sent email copies of posts made within that forum. People can usually choose whether or not they want to be subscribed to each forum. However, the teacher can choose to force subscription on a particular forum for all users within the course.&lt;br /&gt;&lt;/p&gt;
&lt;p&gt;If the teacher selects the option &lt;span style=&quot;font-style: italic;&quot;&gt;Yes, initially&lt;/span&gt; then all current and future course users will be subscribed initially but they can unsubscribe themselves at any time. &lt;br /&gt;&lt;/p&gt;Further details on &lt;span style=&quot;font-style: italic;&quot;&gt;Forum Subscriptions&lt;/span&gt; can be found in a later section of these materials.&lt;br /&gt;
&lt;h4&gt;Read tracking for this forum?&lt;/h4&gt;
&lt;p&gt;If &lt;span style=&quot;font-style: italic;&quot;&gt;Read tracking&lt;/span&gt; for forums is enabled, users can track read and unread messages in forums and discussions. The instructor can choose to force a tracking type on a forum using this setting.&lt;/p&gt;
&lt;p&gt;There are three options for this setting:&lt;/p&gt;
&lt;ul&gt;
  &lt;li&gt;&lt;span style=&quot;font-style: italic;&quot;&gt;Optional &lt;/span&gt;(default) - students can turn tracking on or off for the forum at their discretion&lt;/li&gt;
  &lt;li&gt;&lt;span style=&quot;font-style: italic;&quot;&gt;On &lt;/span&gt;- tracking is always on in this forum for all members&lt;/li&gt;
  &lt;li style=&quot;font-style: italic;&quot;&gt; Off - tracking is always off in this forum for all members &lt;/li&gt;
&lt;/ul&gt;
&lt;h4&gt;Maximum attachment size&lt;/h4&gt;
&lt;p&gt;The &lt;span style=&quot;font-style: italic;&quot;&gt;attachment size&lt;/span&gt; setting determines the maximum size of a file that may be attached to a forum post. This may be equal to or less than the course set file size limit. Note that files attached to a forum are not emailed out to forum subscribers and users will be required to login to view attachments.&lt;/p&gt;
&lt;p style=&quot;text-align: center;&quot;&gt;&lt;img vspace=&quot;0&quot; hspace=&quot;0&quot; border=&quot;2&quot; style=&quot;width: 660px; height: 409px;&quot; title=&quot;General forum settings&quot; alt=&quot;General forum settings&quot; src=&quot;$@FILEPHP@$$@SLASH@$Forum$@SLASH@$addforum1.jpg&quot; /&gt;&lt;br /&gt;&lt;/p&gt;
&lt;h3&gt;Grade Settings&lt;br /&gt;&lt;/h3&gt;
&lt;p&gt;Forum posts can be rated using a &lt;span style=&quot;font-style: italic;&quot;&gt;Scale &lt;/span&gt;(pre existing number or word scales). By default, only teachers can rate forum posts however the role override feature can allow students to rate each others posts. This is a useful tool for giving students participation grades. Any ratings given in the forum are recorded in the gradebook.&lt;/p&gt;
&lt;p&gt;Further details on &lt;span style=&quot;font-style: italic;&quot;&gt;Forum Ratings&lt;/span&gt; can be found in a later section of these materials.&lt;/p&gt;
&lt;h3&gt;Post Threshold for Blocking Settings&lt;/h3&gt;
&lt;p&gt;To help ensure users submit well thought out, meaningful forum posts, you can set limits to the number of forum posts a user can submit over a specified peroid.&lt;br /&gt;&lt;/p&gt;
&lt;h4&gt;Time period for blocking&lt;/h4&gt;
&lt;p&gt;This option sets the period over which any threshold limit will applied.&lt;br /&gt;&lt;/p&gt;
&lt;h4&gt;Post threshold for blocking&lt;/h4&gt; This option sets the number of posts a student may make in the period defined. Set this field to 0 to disable blocking. If blocking is disabled, warnings will automatically be disabled.
&lt;h4&gt;Post threshold for warning&lt;/h4&gt;
&lt;p&gt;This option sets the number of posts a student may make before receiving a warning they are approaching the post threshold. Set this field to 0 to disable warnings.&lt;/p&gt;
&lt;p style=&quot;text-align: center;&quot;&gt;&lt;img vspace=&quot;0&quot; hspace=&quot;0&quot; border=&quot;2&quot; style=&quot;width: 730px; height: 250px;&quot; title=&quot;Forum threshold and group settings&quot; alt=&quot;Forum threshold and group settings&quot; src=&quot;$@FILEPHP@$$@SLASH@$Forum$@SLASH@$addforum2.jpg&quot; /&gt;&lt;br /&gt;&lt;/p&gt;
&lt;p&gt;&lt;br /&gt;&lt;/p&gt;
&lt;h3&gt;Common module settings&lt;/h3&gt;
&lt;h4&gt;Group mode&lt;/h4&gt;
&lt;p&gt;Forums can have the following three Group options:&lt;/p&gt;
&lt;ul&gt;
  &lt;li&gt;&lt;span style=&quot;font-style: italic;&quot;&gt;No groups&lt;/span&gt; - the forum will not groups based&lt;br /&gt;&lt;/li&gt;
  &lt;li&gt;&lt;span style=&quot;font-style: italic;&quot;&gt;Separate groups&lt;/span&gt; - each group can only see their own group, others are invisible&lt;/li&gt;
  &lt;li&gt; &lt;span style=&quot;font-style: italic;&quot;&gt;Visible groups&lt;/span&gt; - each group works in their own group, but can also see other groups &lt;/li&gt;
&lt;/ul&gt;
&lt;p&gt;If the group mode is set to separate groups:&lt;/p&gt;
&lt;ul&gt;
  &lt;li&gt;Teachers are given the option of adding a new discussion topic for all participants or for a selected group. If a teacher adds a new discussion topic for a selected group, then only group members can reply to it. If a teacher adds a new discussion topic for all participants, then students can't reply to it (this is to ensure that groups are kept separate).&lt;br /&gt;&lt;br /&gt;&lt;/li&gt;
  &lt;li&gt;Students can only start discussions for their own group.&lt;br /&gt;&lt;br /&gt;&lt;/li&gt;
  &lt;li&gt; Students can only reply to discussions started by other group members or discussions for their own group started by a teacher. &lt;/li&gt;
&lt;/ul&gt;
&lt;p&gt;If the group mode is set to visible groups:&lt;/p&gt;
&lt;ul&gt;
  &lt;li&gt;Teachers are given the option of adding a new discussion topic for all participants or for a selected group. If a teacher adds a new discussion topic for a selected group, then only group members can reply to it.&lt;br /&gt;&lt;br /&gt;&lt;/li&gt;
  &lt;li&gt;Students can only start discussions for their own group.&lt;br /&gt;&lt;br /&gt;&lt;/li&gt;
  &lt;li&gt;Students can only reply to discussions started by other group members or teachers.&lt;br /&gt;&lt;/li&gt;
&lt;/ul&gt;
&lt;h4&gt;Visible to students&lt;/h4&gt;
&lt;p&gt;You can (temporarily or permanently) Hide the activity from students by selecting &lt;span style=&quot;font-style: italic;&quot;&gt;Hide &lt;/span&gt;here. It is useful if you don't want to make the activity available immediately. To unhide the forum set this option to &lt;span style=&quot;font-style: italic;&quot;&gt;Show&lt;/span&gt;.&lt;br /&gt;&lt;/p&gt;
&lt;h4&gt;ID number&lt;/h4&gt;
&lt;p&gt;Setting an ID number provides a way of identifying the forum for grade calculation purposes. If the activity is not included in any grade calculation then the ID number field can be left blank. &lt;br /&gt;&lt;/p&gt;
&lt;p&gt;&lt;br /&gt;&lt;/p&gt;
&lt;p&gt;When you are happy with the configuration of your new Forum, click the &lt;span style=&quot;font-style: italic;&quot;&gt;Save and return to course&lt;/span&gt; or Save and display button to create the forum or click &lt;span style=&quot;font-style: italic;&quot;&gt;Cancel &lt;/span&gt;to exit the create forum area.&lt;br /&gt;&lt;/p&gt;</ALLTEXT>
        <POPUP></POPUP>
        <OPTIONS></OPTIONS>
        <TIMEMODIFIED>1246343447</TIMEMODIFIED>
      </MOD>
      <MOD>
        <ID>52</ID>
        <MODTYPE>resource</MODTYPE>
        <NAME>Forum Types</NAME>
        <TYPE>html</TYPE>
        <REFERENCE></REFERENCE>
        <SUMMARY></SUMMARY>
        <ALLTEXT>&lt;h2&gt; Forum Types&lt;/h2&gt;
&lt;h3&gt;News Forums&lt;/h3&gt; A &lt;span style=&quot;font-style: italic;&quot;&gt;News forum&lt;/span&gt; is a special forum for general announcements. A course may only have one News forum unless it has been imported from another system which supports more than one news forum.&lt;br /&gt; &lt;br /&gt; This forum is automatically created for each course and for the front page of the Moodle site. By default, it is placed in the top of the center section of a course page and only teachers and administrators may add posts or reply to posts. Also the default settings forces every enroled person to be subscribed to the News forum.&lt;br /&gt; &lt;br /&gt; The &lt;span style=&quot;font-style: italic;&quot;&gt;Latest News&lt;/span&gt; block displays a specific number of recent discussions from the News forum.&lt;br /&gt; &lt;br /&gt; As with any forum, emails can be sent to subscribed members of a News forum.&lt;br /&gt;
&lt;h4&gt;Removing the News forum&lt;/h4&gt; The News forum may be removed from a course as follows:&lt;br /&gt; &lt;br /&gt; &lt;span style=&quot;font-weight: bold;&quot;&gt;1.0 &lt;/span&gt;Delete the News forum from the course homepage&lt;br /&gt; &lt;br /&gt;&lt;span style=&quot;font-weight: bold;&quot;&gt;2.0&lt;/span&gt; Under the Course Administration settings area set &lt;span style=&quot;font-style: italic;&quot;&gt;News items to show&lt;/span&gt; to 0&lt;br /&gt; &lt;br /&gt;&lt;span style=&quot;font-weight: bold;&quot;&gt;3.0&lt;/span&gt; Delete the &lt;span style=&quot;font-style: italic;&quot;&gt;Latest News&lt;/span&gt; block&lt;br /&gt; &lt;br /&gt;Alternatively you can simply &lt;span style=&quot;font-style: italic;&quot;&gt;Hide &lt;/span&gt;the &lt;span style=&quot;font-style: italic;&quot;&gt;News forum&lt;/span&gt; from student view.&lt;br /&gt;
&lt;h3&gt;A standard forum for general use&lt;/h3&gt;The standard forum type is most useful for large discussions that you intend to monitor/guide or for social forums that are student led. This does not mean that you need to make a new posting for each reply in each topic although, in order to ensure that discussion does not get 'out of control', you may need to be prepared to spend a significant amount of time finding the common threads amongst the various discussions and weaving them together. &lt;br /&gt;
&lt;h3&gt;A single simple discussion&lt;/h3&gt;The simple forum is most useful for short/time-limited discussion on a single subject or topic. This kind of forum is very productive if you are interested in keeping students focused on a particular issue.&lt;br /&gt;
&lt;h3&gt;Each person posts one discussion&lt;/h3&gt;This forum is most useful when you want to achieve a happy medium between a large discussion and a short and focused discussion. A single discussion topic per person allows students a little more freedom than a single discussion forum, but not as much as a standard forum where each student can create as many topics as they wish. Successful forums of this selection can be active, yet focused, as students are not limited in the number of times they can respond to others within threads.&lt;br /&gt;
&lt;h3&gt;Question and Answer forum&lt;/h3&gt;The Question and Answer (Q &amp;amp; A) forum is best used when you have a particular question that you wish to have answered. In a Q and A forum, tutors post the question and students respond with possible answers. By default a Q and A forum requires students to post once before viewing other student's postings. After their initial posting, students can also then respond to other postings. This feature allows equal initial posting opportunity among all students, thus encouraging original and independent thinking. &lt;br /&gt;&lt;br /&gt;</ALLTEXT>
        <POPUP></POPUP>
        <OPTIONS></OPTIONS>
        <TIMEMODIFIED>1246343525</TIMEMODIFIED>
      </MOD>
      <MOD>
        <ID>53</ID>
        <MODTYPE>resource</MODTYPE>
        <NAME>Posting to a Forum</NAME>
        <TYPE>html</TYPE>
        <REFERENCE></REFERENCE>
        <SUMMARY></SUMMARY>
        <ALLTEXT>&lt;h2&gt; Posting to a Forum&lt;/h2&gt;To post to a Forum, click on the name of the forum listed in the course home page and click &lt;span style=&quot;font-style: italic;&quot;&gt;Add new discussion topic&lt;/span&gt;, click the &lt;span style=&quot;font-style: italic;&quot;&gt;Subject &lt;/span&gt;of an existing forum posting or click &lt;span style=&quot;font-style: italic;&quot;&gt;reply &lt;/span&gt;against the one discussion topic (dependant on the type of forum).&lt;br /&gt;
&lt;h3&gt;Subject&lt;/h3&gt;When creating a new &lt;span style=&quot;font-style: italic;&quot;&gt;Discussion topic&lt;/span&gt; you will be required to enter a &lt;span style=&quot;font-style: italic;&quot;&gt;Subject&lt;/span&gt; line for your post. When replying to an existing post the &lt;span style=&quot;font-style: italic;&quot;&gt;Subject &lt;/span&gt;is autopopulated in the format &lt;span style=&quot;font-style: italic;&quot;&gt;Re: &amp;lt;the name of the 'parent' post&amp;gt;.&lt;/span&gt; This can be changed if required.&lt;br /&gt;
&lt;h3&gt;Message&lt;/h3&gt;Enter the body of your forum post in the &lt;span style=&quot;font-style: italic;&quot;&gt;Message &lt;/span&gt;field using the HTML editor. It is recommended long forum posts are regularly copied to a clipboard during the writing process or written in a separate document editor to prevent any data loss due to browser or site timeouts.&lt;br /&gt;
&lt;h3&gt;Subscription&lt;/h3&gt;When creating a forum post you can choose whether you wish to subsequently receive email notifications of any further posts to that forum.&lt;br /&gt;
&lt;h3&gt;Attachment&lt;/h3&gt;Extra-long posts cause problems when doing a forum search and can be difficult to read on screen. Rather than creating a very long post, consider copying and pasting the text into a text file and add it as an attachment to your forum post.&lt;br /&gt;&lt;br /&gt;When an image is &lt;span style=&quot;font-style: italic;&quot;&gt;Attached &lt;/span&gt;as a file to a forum message, it is immediately displayed full size after the message (i.e. no need to click on an attachment). This an excellent way of sharing images without having to go through the process of uploading them as files and linking them from within web pages. &lt;br /&gt;&lt;br /&gt;The maximum file upload size can be equal to or less than the course set file upload limit. &lt;span style=&quot;font-style: italic;&quot;&gt;Browse &lt;/span&gt;and &lt;span style=&quot;font-style: italic;&quot;&gt;Add &lt;/span&gt;a file to attach it to your forum post.&lt;br /&gt;
&lt;h3&gt;Mail Now&lt;/h3&gt;Users will appropriate access rights will be provided a &lt;span style=&quot;font-style: italic;&quot;&gt;Mail now&lt;/span&gt; tickbox selection. Using the &lt;span style=&quot;font-style: italic;&quot;&gt;Mail now&lt;/span&gt; option immediately emails everyone subscribed to the forum rather than after a the set time limit (usually 30 minutes). This is typically used for sending out urgent notices.&lt;br /&gt;
&lt;h3&gt;Display Period&lt;/h3&gt;Users with appropriate access rights can choose whether their forum posting is displayed from a certain date, expires on a certain date or is only displayed over a given period.&lt;br /&gt;&lt;br /&gt;Deselect the &lt;span style=&quot;font-style: italic;&quot;&gt;Disable &lt;/span&gt;option(s) to activate a display start and/or end date.&lt;br /&gt;&lt;br /&gt;Note that users with Admin access will see messages before their release date and after their expiry date.&lt;br /&gt;&lt;br /&gt;When you have created and configured your forum post press &lt;span style=&quot;font-style: italic;&quot;&gt;Post to forum&lt;/span&gt; to submit your update.&lt;br /&gt;&lt;br /&gt;When you have submitted your forum post you will be advised of the post editing time limit. This is the period of time you have to make any changes to your posting before it is locked from editing and a copy emailed out to subscribed users. Every time you edit your post this time is reset.&lt;br /&gt;</ALLTEXT>
        <POPUP></POPUP>
        <OPTIONS></OPTIONS>
        <TIMEMODIFIED>1246343553</TIMEMODIFIED>
      </MOD>
      <MOD>
        <ID>54</ID>
        <MODTYPE>resource</MODTYPE>
        <NAME>Forum Ratings</NAME>
        <TYPE>html</TYPE>
        <REFERENCE></REFERENCE>
        <SUMMARY></SUMMARY>
        <ALLTEXT>&lt;h2&gt; Forum Ratings&lt;/h2&gt;Forum ratings allow specified users to evaluate posts in a forum.&lt;br /&gt;&lt;br /&gt;Forum ratings use &lt;span style=&quot;font-style: italic;&quot;&gt;Scales &lt;/span&gt;to standardise the reporting of performance. A forum rating can be included as part of a student's grade.&lt;br /&gt;&lt;br /&gt;When ratings are allowed, the permitted users will see &lt;span style=&quot;font-style: italic;&quot;&gt;Rate this post&lt;/span&gt; and a pull down menu after another user's forum post. The menu displays a &lt;span style=&quot;font-style: italic;&quot;&gt;Scale&lt;/span&gt; that the forum creator selected in the &lt;span style=&quot;font-style: italic;&quot;&gt;Forum grade settings&lt;/span&gt;. The user can rate more than one post at a time. When finished they should click the &lt;span style=&quot;font-style: italic;&quot;&gt;Submit my ratings&lt;/span&gt; button at the bottom of the page.&lt;br /&gt;
&lt;h3&gt;Aggregate type&lt;/h3&gt;
&lt;p&gt;Using the Aggregate type setting you can specify how all the ratings given to posts in a forum are combined to form the final grade (for each post and for the whole forum activity). Please note some &lt;span style=&quot;font-style: italic;&quot;&gt;Scales &lt;/span&gt;do not lend themselves to certain types of aggregates.&lt;/p&gt;
&lt;p&gt;There are five options:&lt;/p&gt;
&lt;h4&gt;Average of ratings&lt;/h4&gt;
&lt;p&gt;Average of ratings (default) is the mean of all the ratings given to posts in that forum. This is especially useful with peer grading when there are a lot of ratings being made.&lt;/p&gt;
&lt;h4&gt;Count of ratings&lt;/h4&gt;
&lt;p&gt;This option counts the number of rated posts which becomes the final grade. This is useful when the number of posts is important. Note that the total can not exceed the maximum grade allowed for the forum. A count may be used if the teacher simply wants to acknowledge that a reply was given in the case students being required to make a certain number of posts in the discussion. Please note, the &lt;span style=&quot;font-style: italic;&quot;&gt;count of ratings&lt;/span&gt; does not work for the &lt;span style=&quot;font-style: italic;&quot;&gt;Separate or Connected Ways of Knowing&lt;/span&gt; &lt;span style=&quot;font-style: italic;&quot;&gt;Scale &lt;/span&gt;or custom scales due to the limitation imposed by the max grade.&lt;/p&gt;
&lt;h4&gt;Maximum rating&lt;/h4&gt;
&lt;p&gt;The highest rating is returned as the final grade. This method is useful for emphasising the best work from participants, allowing them to post one high-quality post as well as a number of more casual responses to others.&lt;/p&gt;
&lt;h4&gt;Minimum rating&lt;/h4&gt;
&lt;p&gt;The smallest rating is returned as the final grade. This method promotes a culture of high quality for all posts.&lt;/p&gt;
&lt;h4&gt;Sum of ratings&lt;/h4&gt;
&lt;p&gt;All the ratings for a particular user are added together. Note that the total is not allowed to exceed the maximum grade for the forum. Note: Sum of ratings does not work for the S&lt;span style=&quot;font-style: italic;&quot;&gt;eparate or Connected Ways of Knowing Scale&lt;/span&gt; or custom scales due to the limitation imposed by the max grade.&lt;/p&gt;</ALLTEXT>
        <POPUP></POPUP>
        <OPTIONS></OPTIONS>
        <TIMEMODIFIED>1246334047</TIMEMODIFIED>
      </MOD>
      <MOD>
        <ID>55</ID>
        <MODTYPE>resource</MODTYPE>
        <NAME>Forum Display Options</NAME>
        <TYPE>html</TYPE>
        <REFERENCE></REFERENCE>
        <SUMMARY></SUMMARY>
        <ALLTEXT>&lt;h2&gt; Forum Display Options&lt;/h2&gt;Depending on your site configuration a forum may be displayed in four ways. Use the pull down menu at the top of a forum discussion to select a display type. The display options include:&lt;br /&gt;
&lt;ul&gt; 
  &lt;li&gt; 
    &lt;p&gt;Display replies flat, with oldest first&lt;/p&gt;&lt;/li&gt; 
  &lt;li&gt; 
    &lt;p&gt;Flat Forum discussion, example from middle&lt;/p&gt;&lt;/li&gt; 
  &lt;li&gt; 
    &lt;p&gt;Flat Forum discussion, example from middle&lt;/p&gt;&lt;/li&gt; 
  &lt;li&gt; 
    &lt;p&gt;Display replies flat, with newest first&lt;/p&gt;&lt;/li&gt; 
&lt;/ul&gt;You can also configure the display of replies within a forum:&lt;br /&gt;
&lt;ul&gt; 
  &lt;li&gt;&lt;span style=&quot;font-style: italic;&quot;&gt;Display replies in threaded form&lt;/span&gt; - Only the post starting the discussion will be displayed in its full form; replies will be reduced to the headlines (including information about its author and date of release) and organised chronologically; moreover, replies will be shifted towards the right so that only replies to the same post were in the same line.&lt;/li&gt; 
&lt;/ul&gt;
&lt;ul&gt; 
  &lt;li&gt;&lt;span style=&quot;font-style: italic;&quot;&gt;Display replies in nested form&lt;/span&gt; - All posts are displayed in their full forms; replies will be reduced to the headlines (including information about its author and date of release) and organised chronologically; moreover, replies will be shifted towards the right so that only replies to the same post were in the same line.&lt;/li&gt; 
&lt;/ul&gt;
&lt;h3&gt;Moving a discussion topic&lt;/h3&gt;Teachers and other users with appropriate access rights may move forum discussions to any other forum in the course. This is often used when a user posts a discussion topic or reply in the incorrect forum.&lt;br /&gt;&lt;br /&gt;To move a discussion forum, click on the arrow in the &lt;span style=&quot;font-style: italic;&quot;&gt;Move this discussion to... &lt;/span&gt;dropdown menu in the top right corner of the forum view page and select a destination forum or click the &lt;span style=&quot;font-style: italic;&quot;&gt;Move &lt;/span&gt;button within the forum view area.&lt;br /&gt;</ALLTEXT>
        <POPUP></POPUP>
        <OPTIONS></OPTIONS>
        <TIMEMODIFIED>1246333089</TIMEMODIFIED>
      </MOD>
      <MOD>
        <ID>56</ID>
        <MODTYPE>resource</MODTYPE>
        <NAME>Forum Subscription</NAME>
        <TYPE>html</TYPE>
        <REFERENCE></REFERENCE>
        <SUMMARY></SUMMARY>
        <ALLTEXT>&lt;h2&gt; Forum Subscription&lt;/h2&gt;When a user is subscribed to a forum they will be sent email copies of every subsequent post in that forum. By default users have 30 minutes to edit their post before it is sent out. Note that this time limit can be changed by an Administrator up to a maximum of 60 minutes. Forum editing time ensures multiple copies of an updated post aren't mailed out to subscribers and so that the emailed post is the final version of the message. It also allows users a 'cool-off' period on all forum posts.&lt;br /&gt;&lt;br /&gt;There are four (forced) forum subscription options:&lt;br /&gt;
&lt;h3&gt;No&lt;/h3&gt;People can choose whether or not they wish to be subscribed to each forum. &lt;br /&gt;
&lt;h3&gt;Yes, forever&lt;/h3&gt;Users will always be subscribed to the forum and new users who enter the course will automatically be added to the subscription list. &lt;br /&gt;
&lt;h3&gt;Yes, initially&lt;/h3&gt;Users will be by default subscribed to the forum but can subsequently unsubscribe themselves if they so wish.&lt;br /&gt;&lt;br /&gt;Changing the setting from &lt;span style=&quot;font-style: italic;&quot;&gt;Yes, initially&lt;/span&gt; to &lt;span style=&quot;font-style: italic;&quot;&gt;No &lt;/span&gt;will not unsubscribe existing users, it will only affect those who enrol in the course in the future. Similarly changing &lt;span style=&quot;font-style: italic;&quot;&gt;Yes, initially &lt;/span&gt;will not subscribe existing course users but only those enrolling later.&lt;br /&gt;
&lt;h3&gt;Subscriptions not allowed&lt;/h3&gt;This setting prevents student users from subscribing to a Forum. &lt;br /&gt;
&lt;h3&gt;Subscription Quick Links&lt;br /&gt;&lt;/h3&gt;Allowing users to choose whether they are subscribed to a forum (&lt;span style=&quot;font-style: italic;&quot;&gt;No &lt;/span&gt;or &lt;span style=&quot;font-style: italic;&quot;&gt;Yes, initially&lt;/span&gt;) enables you to check (and modify) the forum subscribers via &lt;span style=&quot;font-style: italic;&quot;&gt;Show/edit current subscribers&lt;/span&gt; via the view forum page.&lt;br /&gt;&lt;br /&gt;You can also subscribe or unsubscribe from a forum without first posting via the &lt;span style=&quot;font-style: italic;&quot;&gt;Subscribe to this forum / Unsubscribe from this forum&lt;/span&gt; options shown on the view forum page. The link name describes the action that will be taken when you click this link.&lt;br /&gt;
&lt;h3&gt;Daily Digests&lt;/h3&gt;Users can elect to have all forum messages compressed into a single email sent once a day in a digest containing either all posts or simply the subject headings of the forum posts. This reduce the amount of forum email a user receives and can be helpful for users subscribed to a number of forums they need to monitor.&lt;br /&gt;</ALLTEXT>
        <POPUP></POPUP>
        <OPTIONS></OPTIONS>
        <TIMEMODIFIED>1246331927</TIMEMODIFIED>
      </MOD>
    </MODULES>
    <FORMATDATA>
    </FORMATDATA>
  </COURSE>
</MOODLE_BACKUP>
