<?xml version="1.0" encoding="UTF-8"?>
<MOODLE_BACKUP>
  <INFO>
    <NAME>backup-my_teaching-20090408-2327.zip</NAME>
    <MOODLE_VERSION>2007101540</MOODLE_VERSION>
    <MOODLE_RELEASE>1.9.4+ (Build: 20090210)</MOODLE_RELEASE>
    <BACKUP_VERSION>2008030301</BACKUP_VERSION>
    <BACKUP_RELEASE>1.9.4</BACKUP_RELEASE>
    <DATE>1239251249</DATE>
    <ORIGINAL_WWWROOT>http://intel-tao-demo.catalystdemo.net.nz</ORIGINAL_WWWROOT>
    <ORIGINAL_SITE_IDENTIFIER_HASH>55a77fed04b9de85d19575c929b99dd2</ORIGINAL_SITE_IDENTIFIER_HASH>
    <ZIP_METHOD>internal</ZIP_METHOD>
    <DETAILS>
      <METACOURSE>false</METACOURSE>
      <USERS>none</USERS>
      <LOGS>false</LOGS>
      <USERFILES>false</USERFILES>
      <COURSEFILES>true</COURSEFILES>
      <SITEFILES>true</SITEFILES>
      <GRADEBOOKHISTORIES>false</GRADEBOOKHISTORIES>
      <MESSAGES>false</MESSAGES>
      <BLOGS>false</BLOGS>
      <BLOCKFORMAT>instances</BLOCKFORMAT>
    </DETAILS>
  </INFO>
  <ROLES>
  </ROLES>
  <COURSE>
    <HEADER>
      <ID>3</ID>
      <CATEGORY>
        <ID>7</ID>
        <NAME>My Sections</NAME>
      </CATEGORY>
      <PASSWORD></PASSWORD>
      <FULLNAME>My Teaching</FULLNAME>
      <SHORTNAME>My Teaching</SHORTNAME>
      <IDNUMBER></IDNUMBER>
      <SUMMARY></SUMMARY>
      <FORMAT>summary</FORMAT>
      <SHOWGRADES>1</SHOWGRADES>
      <NEWSITEMS>0</NEWSITEMS>
      <TEACHER>Teacher</TEACHER>
      <TEACHERS>Teachers</TEACHERS>
      <STUDENT>Student</STUDENT>
      <STUDENTS>Students</STUDENTS>
      <GUEST>1</GUEST>
      <STARTDATE>1226642400</STARTDATE>
      <NUMSECTIONS>1</NUMSECTIONS>
      <MAXBYTES>67108864</MAXBYTES>
      <SHOWREPORTS>0</SHOWREPORTS>
      <GROUPMODE>0</GROUPMODE>
      <GROUPMODEFORCE>0</GROUPMODEFORCE>
      <DEFAULTGROUPINGID>0</DEFAULTGROUPINGID>
      <LANG></LANG>
      <THEME></THEME>
      <COST></COST>
      <CURRENCY>USD</CURRENCY>
      <MARKER>0</MARKER>
      <VISIBLE>1</VISIBLE>
      <HIDDENSECTIONS>0</HIDDENSECTIONS>
      <TIMECREATED>1226571887</TIMECREATED>
      <TIMEMODIFIED>1228792515</TIMEMODIFIED>
      <METACOURSE>0</METACOURSE>
      <EXPIRENOTIFY>0</EXPIRENOTIFY>
      <NOTIFYSTUDENTS>0</NOTIFYSTUDENTS>
      <EXPIRYTHRESHOLD>864000</EXPIRYTHRESHOLD>
      <ENROLLABLE>1</ENROLLABLE>
      <ENROLSTARTDATE>0</ENROLSTARTDATE>
      <ENROLENDDATE>0</ENROLENDDATE>
      <ENROLPERIOD>0</ENROLPERIOD>
      <ROLES_OVERRIDES>
      </ROLES_OVERRIDES>
      <ROLES_ASSIGNMENTS>
      </ROLES_ASSIGNMENTS>
    </HEADER>
    <LOCAL>
    </LOCAL>
    <BLOCKS>
      <BLOCK>
        <ID>18</ID>
        <NAME>participants</NAME>
        <PAGEID>3</PAGEID>
        <PAGETYPE>course-view</PAGETYPE>
        <POSITION>l</POSITION>
        <WEIGHT>0</WEIGHT>
        <VISIBLE>1</VISIBLE>
        <CONFIGDATA>Tjs=</CONFIGDATA>
        <ROLES_OVERRIDES>
        </ROLES_OVERRIDES>
        <ROLES_ASSIGNMENTS>
        </ROLES_ASSIGNMENTS>
      </BLOCK>
      <BLOCK>
        <ID>19</ID>
        <NAME>activity_modules</NAME>
        <PAGEID>3</PAGEID>
        <PAGETYPE>course-view</PAGETYPE>
        <POSITION>l</POSITION>
        <WEIGHT>1</WEIGHT>
        <VISIBLE>1</VISIBLE>
        <CONFIGDATA>Tjs=</CONFIGDATA>
        <ROLES_OVERRIDES>
        </ROLES_OVERRIDES>
        <ROLES_ASSIGNMENTS>
        </ROLES_ASSIGNMENTS>
      </BLOCK>
      <BLOCK>
        <ID>20</ID>
        <NAME>search_forums</NAME>
        <PAGEID>3</PAGEID>
        <PAGETYPE>course-view</PAGETYPE>
        <POSITION>l</POSITION>
        <WEIGHT>2</WEIGHT>
        <VISIBLE>1</VISIBLE>
        <CONFIGDATA>Tjs=</CONFIGDATA>
        <ROLES_OVERRIDES>
        </ROLES_OVERRIDES>
        <ROLES_ASSIGNMENTS>
        </ROLES_ASSIGNMENTS>
      </BLOCK>
      <BLOCK>
        <ID>21</ID>
        <NAME>admin</NAME>
        <PAGEID>3</PAGEID>
        <PAGETYPE>course-view</PAGETYPE>
        <POSITION>l</POSITION>
        <WEIGHT>3</WEIGHT>
        <VISIBLE>1</VISIBLE>
        <CONFIGDATA>Tjs=</CONFIGDATA>
        <ROLES_OVERRIDES>
        </ROLES_OVERRIDES>
        <ROLES_ASSIGNMENTS>
        </ROLES_ASSIGNMENTS>
      </BLOCK>
      <BLOCK>
        <ID>22</ID>
        <NAME>course_list</NAME>
        <PAGEID>3</PAGEID>
        <PAGETYPE>course-view</PAGETYPE>
        <POSITION>l</POSITION>
        <WEIGHT>4</WEIGHT>
        <VISIBLE>1</VISIBLE>
        <CONFIGDATA>Tjs=</CONFIGDATA>
        <ROLES_OVERRIDES>
        </ROLES_OVERRIDES>
        <ROLES_ASSIGNMENTS>
        </ROLES_ASSIGNMENTS>
      </BLOCK>
    </BLOCKS>
    <SECTIONS>
      <SECTION>
        <ID>13</ID>
        <NUMBER>0</NUMBER>
        <SUMMARY>
&lt;h2 class=&quot;v3h3nohr&quot;&gt;AOC Teaching Resources&lt;/h2&gt;
&lt;div class=&quot;pad16pxBottom&quot;&gt;
  &lt;table height=&quot;112&quot; cellspacing=&quot;0&quot; cellpadding=&quot;0&quot; border=&quot;0&quot; width=&quot;573&quot;&gt; &lt;tbody&gt;
    &lt;tr&gt;
      &lt;td height=&quot;112&quot; width=&quot;154&quot; valign=&quot;top&quot;&gt;&lt;img height=&quot;112&quot; border=&quot;0&quot; width=&quot;154&quot; src=&quot;http://aoc.ssatrust.org.uk/images/preparation/img_AOC_Teaching_Resources.jpg&quot; /&gt;
      &lt;/td&gt;
      &lt;td&gt;&lt;img height=&quot;1&quot; width=&quot;10&quot; src=&quot;http://aoc.ssatrust.org.uk/images/spacer.gif&quot; /&gt;
      &lt;/td&gt;
      &lt;td&gt;Please find a library of still, interactive and three-dimensional maps, as well as a repository of Learning Objects, to assist you with your teaching.&lt;br /&gt;&lt;br /&gt;&lt;a href=&quot;http://aoc.ssatrust.org.uk/index?s=3923&quot;&gt;Flags&lt;/a&gt; ›&lt;br /&gt;&lt;a href=&quot;http://aoc.ssatrust.org.uk/material/ae0eb3eed39d2bcef4622b2499a05fe6_Lesson5%20-%20Who%20would%20want%20JFK%20dead.ppt&quot;&gt;Who Would Want JFK Dead&lt;/a&gt; ›&lt;br /&gt;&lt;a href=&quot;http://aoc.ssatrust.org.uk/material/e995f98d56967d946471af29d7bf99f1_Task%20Header%20%28design%29.ppt&quot;&gt;JFK Task Header&lt;/a&gt; ›&lt;br /&gt;&lt;a href=&quot;http://aoc.ssatrust.org.uk/material/3871bd64012152bfb53fdf04b401193f_JFK%20Rationale.ppt&quot;&gt;JFK - Rationale&lt;/a&gt; ›&lt;br /&gt;&lt;a href=&quot;http://aoc.ssatrust.org.uk/material/d96409bf894217686ba124d7356686c9_arial%20photo%20-dealy%20plaza.bmp&quot;&gt;Arial Photo - Dealy Plaza&lt;/a&gt; ›&lt;br /&gt;&lt;a href=&quot;http://aoc.ssatrust.org.uk/material/d14220ee66aeec73c49038385428ec4c_Lee%20Harvey%20Photo.bmp&quot;&gt;Lee Harvey Oswold&lt;/a&gt; ›&lt;br /&gt;&lt;a href=&quot;http://aoc.ssatrust.org.uk/material/fa14d4fe2f19414de3ebd9f63d5c0169_Lesson1%20-%20JFK%20scene%20evidence%20%28teacher%20resource%29.ppt&quot;&gt;JFK Scene Evidence&lt;/a&gt; ›&lt;br /&gt;&lt;a href=&quot;http://aoc.ssatrust.org.uk/material/3493894fa4ea036cfc6433c3e2ee63b0_Europe-1914-map.bmp&quot;&gt;1914 Europe&lt;/a&gt; ›&lt;br /&gt;&lt;a href=&quot;http://aoc.ssatrust.org.uk/material/c81e728d9d4c2f636f067f89cc14862c_Queen%20Elizabeth%20I.jpg&quot;&gt;Queen Elizabeth I&lt;/a&gt; ›&lt;br /&gt;&lt;a href=&quot;http://aoc.ssatrust.org.uk/material/70efdf2ec9b086079795c442636b55fb_Regions%20of%20England%20Map.jpg&quot;&gt;Regions of England&lt;/a&gt; ›&lt;br /&gt;
      &lt;/td&gt;
    &lt;/tr&gt; &lt;/tbody&gt;
  &lt;/table&gt; &lt;/div&gt; &lt;!-- End Textblock --&gt; &lt;!-- Textblock --&gt;
&lt;h2 class=&quot;v3h3nohr&quot;&gt;Add Teaching Resources&lt;/h2&gt;
&lt;div class=&quot;pad16pxBottom&quot;&gt;
  &lt;table height=&quot;112&quot; cellspacing=&quot;0&quot; cellpadding=&quot;0&quot; border=&quot;0&quot; width=&quot;573&quot;&gt; &lt;tbody&gt;
    &lt;tr&gt;
      &lt;td height=&quot;112&quot; width=&quot;154&quot;&gt;&lt;img height=&quot;112&quot; border=&quot;0&quot; width=&quot;154&quot; src=&quot;http://aoc.ssatrust.org.uk/images/preparation/img_Add_Teaching_Resources.jpg&quot; /&gt;
      &lt;/td&gt;
      &lt;td&gt;&lt;img height=&quot;1&quot; width=&quot;10&quot; src=&quot;http://aoc.ssatrust.org.uk/images/spacer.gif&quot; /&gt;
      &lt;/td&gt;
      &lt;td&gt;If you would like to share your Learning Objects with fellow teachers, you can follow this link. You will be required to enter some basic metadata, which will allow for the Learning Object to be found with a simple search. An editorial team will review the learning object before making it available to all platform users.&lt;br /&gt;&lt;br /&gt; &lt;a href=&quot;http://aoc.ssatrust.org.uk/index?s=4094&quot;&gt;Upload Learning Object&lt;/a&gt; ›
      &lt;/td&gt;
    &lt;/tr&gt; &lt;/tbody&gt;
  &lt;/table&gt; &lt;/div&gt; &lt;!-- End Textblock --&gt; &lt;!-- Textblock --&gt;
&lt;h2 class=&quot;v3h3nohr&quot;&gt;TeachNet&lt;/h2&gt;
&lt;div class=&quot;pad16pxBottom&quot;&gt;
  &lt;table height=&quot;112&quot; cellspacing=&quot;0&quot; cellpadding=&quot;0&quot; border=&quot;0&quot; width=&quot;573&quot;&gt; &lt;tbody&gt;
    &lt;tr&gt;
      &lt;td height=&quot;112&quot; width=&quot;154&quot;&gt;&lt;img height=&quot;112&quot; border=&quot;0&quot; width=&quot;154&quot; src=&quot;http://aoc.ssatrust.org.uk/images/preparation/img_TeachNet.jpg&quot; /&gt;
      &lt;/td&gt;
      &lt;td&gt;&lt;img height=&quot;1&quot; width=&quot;10&quot; src=&quot;http://aoc.ssatrust.org.uk/images/spacer.gif&quot; /&gt;
      &lt;/td&gt;
      &lt;td&gt;TeachNet has lots of useful resources which are shared via their website. The resources cover all aspects of the curriculum and can be downloaded to your local machine.&lt;br /&gt;&lt;br /&gt;&lt;a target=&quot;_blank&quot; href=&quot;http://www.teachnet-uk.org.uk/&quot;&gt;Visit the TeachNet Website&lt;/a&gt; ›
      &lt;/td&gt;
    &lt;/tr&gt; &lt;/tbody&gt;
  &lt;/table&gt; &lt;/div&gt; &lt;!-- End Textblock --&gt; &lt;!-- Textblock --&gt;
&lt;h2 class=&quot;v3h3nohr&quot;&gt;Skool Multi-Media Resources&lt;/h2&gt;
&lt;div class=&quot;pad16pxBottom&quot;&gt;
  &lt;table height=&quot;112&quot; cellspacing=&quot;0&quot; cellpadding=&quot;0&quot; border=&quot;0&quot; width=&quot;573&quot;&gt; &lt;tbody&gt;
    &lt;tr&gt;
      &lt;td height=&quot;112&quot; width=&quot;154&quot;&gt;&lt;img height=&quot;112&quot; border=&quot;0&quot; width=&quot;154&quot; src=&quot;http://aoc.ssatrust.org.uk/images/preparation/img_Intel_Media_Cabinet.jpg&quot; /&gt;
      &lt;/td&gt;
      &lt;td&gt;&lt;img height=&quot;1&quot; width=&quot;10&quot; src=&quot;http://aoc.ssatrust.org.uk/images/spacer.gif&quot; /&gt;
      &lt;/td&gt;
      &lt;td&gt;skoool.co.uk provides second level students and teachers with all they need to support their understanding of Science and Maths for Key Stages 3 and 4, covering Maths, Biology, Chemistry and Physics. In addition, skoool.co.uk includes the UK BETT award-winning Mathematical toolkit and Numberline tool which were developed with the Mathematical Association&lt;br /&gt;&lt;a target=&quot;_blank&quot; class=&quot;library&quot; href=&quot;http://aoc-test.ssatrust.org.uk/upload/Introduction_to_skoool_UK.pdf&quot;&gt;Click here to read more about Skoool&lt;/a&gt; ›&lt;br /&gt;&lt;br /&gt;&lt;a class=&quot;library&quot; href=&quot;http://aoc.ssatrust.org.uk/index?s=133&amp;id=11&quot;&gt;Click here to view sample resources&lt;/a&gt; ›&lt;br /&gt;&lt;a target=&quot;_blank&quot; class=&quot;library&quot; href=&quot;http://lgfl.skoool.co.uk/keystage3.aspx?id=80&quot;&gt;Click here to visit Skoool KS3 resources&lt;/a&gt; ›&lt;br /&gt;&lt;a target=&quot;_blank&quot; class=&quot;library&quot; href=&quot;http://lgfl.skoool.co.uk/keystage4.aspx?id=314&quot;&gt;Click here to visit Skoool KS4 resources&lt;/a&gt; ›
      &lt;/td&gt;
    &lt;/tr&gt; &lt;/tbody&gt;
  &lt;/table&gt; &lt;/div&gt; &lt;!-- End Textblock --&gt; &lt;!-- Textblock --&gt;
&lt;h2 class=&quot;v3h3nohr&quot;&gt;External Teaching Resources&lt;/h2&gt;
&lt;div class=&quot;pad16pxBottom&quot;&gt;
  &lt;table height=&quot;112&quot; cellspacing=&quot;0&quot; cellpadding=&quot;0&quot; border=&quot;0&quot; width=&quot;573&quot;&gt; &lt;tbody&gt;
    &lt;tr&gt;
      &lt;td height=&quot;112&quot; width=&quot;154&quot;&gt;&lt;img height=&quot;112&quot; border=&quot;0&quot; width=&quot;154&quot; src=&quot;http://aoc.ssatrust.org.uk/images/preparation/img_External_Teaching_Resources.jpg&quot; /&gt;
      &lt;/td&gt;
      &lt;td&gt;&lt;img height=&quot;1&quot; width=&quot;10&quot; src=&quot;http://aoc.ssatrust.org.uk/images/spacer.gif&quot; /&gt;
      &lt;/td&gt;
      &lt;td&gt;Please browse these resources including presentations and learning programmes for primary and secondary school level.&lt;br /&gt;&lt;br /&gt;&lt;a class=&quot;library&quot; target=&quot;_blank&quot; href=&quot;http://www.scienceyear.com/home.html&quot;&gt;Resources from Planet Science&lt;/a&gt; ›
      &lt;/td&gt;
    &lt;/tr&gt; &lt;/tbody&gt;
  &lt;/table&gt; &lt;/div&gt; &lt;!-- End Textblock --&gt; &lt;!-- Textblock --&gt;
&lt;h2 class=&quot;v3h3nohr&quot;&gt;ThinkQuest UK&lt;/h2&gt;
&lt;div class=&quot;pad16pxBottom&quot;&gt;
  &lt;table height=&quot;112&quot; cellspacing=&quot;0&quot; cellpadding=&quot;0&quot; border=&quot;0&quot; width=&quot;573&quot;&gt; &lt;tbody&gt;
    &lt;tr&gt;
      &lt;td height=&quot;112&quot; width=&quot;154&quot;&gt;&lt;img height=&quot;112&quot; border=&quot;0&quot; width=&quot;154&quot; src=&quot;http://aoc.ssatrust.org.uk/images/preparation/img_TQ.jpg&quot; /&gt;
      &lt;/td&gt;
      &lt;td&gt;&lt;img height=&quot;1&quot; width=&quot;10&quot; src=&quot;http://aoc.ssatrust.org.uk/images/spacer.gif&quot; /&gt;
      &lt;/td&gt;
      &lt;td&gt;ThinkQuest UK is an annual competition open to students aged 9 to 19.&lt;br /&gt;&lt;br /&gt;Working in teams, students compete to create the best educational websites and to win cutting-edge technology prizes, and an invitation to the ThinkQuest UK awards event, an educational event celebrating their achievements..&lt;br /&gt;&lt;br /&gt;&lt;a target=&quot;_blank&quot; href=&quot;http://www.ssatrust.org.uk/thinkquest/default.aspa&quot;&gt;Visit the ThinkQuest UK Website&lt;/a&gt; ›
      &lt;/td&gt;
    &lt;/tr&gt; &lt;/tbody&gt;
  &lt;/table&gt; &lt;/div&gt; &lt;!-- End Textblock --&gt; &lt;!-- Textblock --&gt;
&lt;h2 class=&quot;v3h3nohr&quot;&gt;National Curriculum Guidance&lt;/h2&gt;
&lt;div class=&quot;pad16pxBottom&quot;&gt;
  &lt;table height=&quot;112&quot; cellspacing=&quot;0&quot; cellpadding=&quot;0&quot; border=&quot;0&quot; width=&quot;573&quot;&gt; &lt;tbody&gt;
    &lt;tr&gt;
      &lt;td height=&quot;112&quot; width=&quot;154&quot;&gt;&lt;img height=&quot;112&quot; border=&quot;0&quot; width=&quot;154&quot; src=&quot;http://aoc.ssatrust.org.uk/images/preparation/img_National_Curriculum_Guidance.jpg&quot; /&gt;
      &lt;/td&gt;
      &lt;td&gt;&lt;img height=&quot;1&quot; width=&quot;10&quot; src=&quot;http://aoc.ssatrust.org.uk/images/spacer.gif&quot; /&gt;
      &lt;/td&gt;
      &lt;td&gt;The QCA's online guidance resource to the National Curriculum.&lt;br /&gt;&lt;br /&gt;&lt;a target=&quot;_blank&quot; href=&quot;http://curriculum.qca.org.uk/index.aspx&quot;&gt;View online&lt;/a&gt; ›
      &lt;/td&gt;
    &lt;/tr&gt; &lt;/tbody&gt;
  &lt;/table&gt; &lt;/div&gt; &lt;!-- End Textblock --&gt; &lt;br /&gt;&lt;img height=&quot;30&quot; border=&quot;0&quot; width=&quot;1&quot; src=&quot;http://aoc.ssatrust.org.uk/images/spacer.gif&quot; /&gt; </SUMMARY>
        <VISIBLE>1</VISIBLE>
      </SECTION>
      <SECTION>
        <ID>14</ID>
        <NUMBER>1</NUMBER>
        <SUMMARY></SUMMARY>
        <VISIBLE>0</VISIBLE>
      </SECTION>
      <SECTION>
        <ID>15</ID>
        <NUMBER>2</NUMBER>
        <SUMMARY></SUMMARY>
        <VISIBLE>1</VISIBLE>
      </SECTION>
      <SECTION>
        <ID>16</ID>
        <NUMBER>3</NUMBER>
        <SUMMARY></SUMMARY>
        <VISIBLE>1</VISIBLE>
      </SECTION>
    </SECTIONS>
    <GRADEBOOK>
      <GRADE_CATEGORIES>
        <GRADE_CATEGORY>
          <ID>1</ID>
          <PARENT>$@NULL@$</PARENT>
          <FULLNAME>?</FULLNAME>
          <AGGREGATION>11</AGGREGATION>
          <KEEPHIGH>0</KEEPHIGH>
          <DROPLOW>0</DROPLOW>
          <AGGREGATEONLYGRADED>1</AGGREGATEONLYGRADED>
          <AGGREGATEOUTCOMES>0</AGGREGATEOUTCOMES>
          <AGGREGATESUBCATS>0</AGGREGATESUBCATS>
          <TIMECREATED>1226572600</TIMECREATED>
          <TIMEMODIFIED>1226572600</TIMEMODIFIED>
        </GRADE_CATEGORY>
      </GRADE_CATEGORIES>
      <GRADE_ITEMS>
        <GRADE_ITEM>
          <ID>1</ID>
          <CATEGORYID>$@NULL@$</CATEGORYID>
          <ITEMNAME>$@NULL@$</ITEMNAME>
          <ITEMTYPE>course</ITEMTYPE>
          <ITEMMODULE>$@NULL@$</ITEMMODULE>
          <ITEMINSTANCE>1</ITEMINSTANCE>
          <ITEMNUMBER>$@NULL@$</ITEMNUMBER>
          <ITEMINFO>$@NULL@$</ITEMINFO>
          <IDNUMBER>$@NULL@$</IDNUMBER>
          <CALCULATION>$@NULL@$</CALCULATION>
          <GRADETYPE>1</GRADETYPE>
          <GRADEMAX>100.00000</GRADEMAX>
          <GRADEMIN>0.00000</GRADEMIN>
          <SCALEID>$@NULL@$</SCALEID>
          <OUTCOMEID>$@NULL@$</OUTCOMEID>
          <GRADEPASS>0.00000</GRADEPASS>
          <MULTFACTOR>1.00000</MULTFACTOR>
          <PLUSFACTOR>0.00000</PLUSFACTOR>
          <AGGREGATIONCOEF>0.00000</AGGREGATIONCOEF>
          <DISPLAY>0</DISPLAY>
          <DECIMALS>$@NULL@$</DECIMALS>
          <HIDDEN>0</HIDDEN>
          <LOCKED>0</LOCKED>
          <LOCKTIME>0</LOCKTIME>
          <NEEDSUPDATE>0</NEEDSUPDATE>
          <TIMECREATED>1226572600</TIMECREATED>
          <TIMEMODIFIED>1226572600</TIMEMODIFIED>
        </GRADE_ITEM>
      </GRADE_ITEMS>
    </GRADEBOOK>
    <FORMATDATA>
    </FORMATDATA>
  </COURSE>
</MOODLE_BACKUP>
